EC50_1,SMILES,EC50_0,EC50_2,EC50_3,EC50_4,EC50_5
-2.322219294733919,CCCSc1ccc2[nH]c(NC(=O)OC)nc2c1,,,-1.975431808509263,-0.4771212547196624,
-3.096910013008056,COC(c1ccccc1)(c1ccccc1)C(Oc1nc(C)cc(C)n1)C(=O)O,-3.096910013008056,,-2.687974620034556,,-2.8239087409443187
-2.0211892990699383,CCC1(c2ccc(N)cc2)CCC(=O)NC1=O,,,,-1.7745169657285496,
-2.6989700043360187,CC1(C)SC2C(NC(=O)C(N)c3ccc(O)cc3)C(=O)N2C1C(=O)O,,,-3.3010299956639813,,
-2.556302500767288,COC(=O)NC(C(=O)NC(Cc1ccccc1)C(O)CN(Cc1ccc(-c2ccccn2)cc1)NC(=O)C(NC(=O)OC)C(C)(C)C)C(C)(C)C,-2.2405492482826,,-2.780557320149522,-2.5921767573958667,
-0.4771212547196624,Nc1ncn(C2OC(CO)C(O)C2O)c(=O)n1,,,,,
-2.4771212547196626,CCS(=O)(=O)N1CC(CC#N)(n2cc(-c3ncnc4[nH]ccc34)cn2)C1,-1.9590413923210936,-2.0,,-1.880813592280792,
-2.505149978319906,CC(C)NCC(O)COc1ccc(COCCOC(C)C)cc1,,,,-2.026328938722349,
-0.6989700043360189,CCCC1OC2CC3C4CC=C5CC(=O)C=CC5(C)C4C(O)CC3(C)C2(C(=O)CO)O1,,,-6.778151250383644,-8.0,-7.301029995663981
-2.3010299956639813,NC(=O)N1c2ccccc2C=Cc2ccccc21,-0.6989700043360189,,-1.5740312677277188,-1.252853030979893,-1.6989700043360187
-3.0,NC(=O)NC(CCC(=O)O)C(=O)O,-3.0,,-2.8239087409443187,,-2.6989700043360187
-1.812913356642856,Cc1cc(C2CCCCC2)n(O)c(=O)c1,-1.6532125137753435,,-2.4771212547196626,,
-1.6532125137753435,C/C=C/CC(C)C(O)C1C(=O)NC(CC)C(=O)N(C)CC(=O)N(C)C(CC(C)C)C(=O)NC(C(C)C)C(=O)N(C)C(CC(C)C)C(=O)NC(C)C(=O)NC(C)C(=O)N(C)C(CC(C)C)C(=O)N(C)C(CC(C)C)C(=O)N(C)C(C(C)C)C(=O)N1C,-1.6101276130759954,,-1.469822015978163,-0.8260748027008264,
-8.301029995663981,N=C(N)NCCCC(NC(=O)C1CCCN1C(=O)C1CSSCCC(=O)NC(Cc2ccc(O)cc2)C(=O)NC(Cc2ccccc2)C(=O)NC(CCC(N)=O)C(=O)NC(CC(N)=O)C(=O)N1)C(=O)NCC(N)=O,,,,,
-2.4771212547196626,Cc1ccc(-n2[nH]c(C)c(N=Nc3cccc(-c4cccc(C(=O)O)c4)c3O)c2=O)cc1C,-2.3010299956639813,,-1.7596678446896306,,-1.9719712763997568
-0.6020599913279624,C=C1C(CO)C(O)CC1n1cnc2c(=O)[nH]c(N)nc21,,,-0.4074853265782679,,-0.3010299956639812
-2.4771212547196626,N=C(CCSCc1csc(N=C(N)N)n1)NS(N)(=O)=O,,,,-3.0211892990699383,
-2.3010299956639813,CC(C)C(=O)Oc1ccc(CO)cc1C(CCN(C(C)C)C(C)C)c1ccccc1,,,-1.3979400086720375,,
-3.3010299956639813,NC(=O)CCC(N)C(=O)O,,,,,-3.3010299956639813
-2.4771212547196626,CC(C)Cc1ccc(C(C)C(=O)O)cc1,-2.4771212547196626,,-2.4771212547196626,-1.662757831681574,
-2.5118833609788744,CC(C)[N+]1(C)C2CCC1CC(OC(=O)C(CO)c1ccccc1)C2,-8.957128197676813,-2.3010299956639813,,-8.41306120790347,
-3.1222158782728267,CCCCC1=NC2(CCCC2)C(=O)N1Cc1ccc(-c2ccccc2-c2nn[nH]n2)cc1,-3.255272505103306,,-2.745966567012242,-3.1297972712286284,
-2.574031267727719,CCN(CC)c1ccc(C(=C2C=CC(=[N+](CC)CC)C=C2)c2cc(S(=O)(=O)O)ccc2S(=O)(=O)[O-])cc1,,,,,
-2.204119982655925,CCn1c(=O)c2c(nc(/C=C/c3ccc(OC)c(OC)c3)n2C)n(CC)c1=O,-2.6989700043360187,,-2.3138672203691533,-2.060697840353612,
-1.658964842664435,CN1CCC(=C2c3ccccc3CC(=O)c3sccc32)CC1,-2.161368002234975,,-1.9614210940664485,-1.5522625229655471,
-0.5642714304385626,N#Cc1ccc(C(c2ccc(C#N)cc2)n2cncn2)cc1,-0.0,,-0.981738683025684,-1.6127838567197357,
-3.220108088040055,CCC(C(N)=O)N1CCCC1=O,,,-3.017902450018896,-2.9860823778010257,
-1.7781512503836436,CNCCCC12CCC(c3ccccc31)c1ccccc12,,,,-1.505149978319906,
-0.4771212547196624,CC(=O)OC1(C(C)=O)CCC2C3=CC(C)=C4CC(=O)CCC4(C)C3CCC21C,,,-0.4771212547196624,-1.0,
-0.0,Cc1cnc(NC(=O)C2C(=O)c3ccccc3S(=O)(=O)N2C)s1,-1.0413926851582251,,,-0.3424226808222063,
-1.3010299956639813,CC(=O)Oc1c(C)cc(OCC(O)CNC(C)C)c(C)c1C,,,,,
-1.937852093251156,Cc1cccc(C)c1OCC(C)N,,,-2.397940008672037,-2.0,
-1.3010299956639813,COc1ccc(OC)c(C(O)CNC(=O)CN)c1,,,,-1.1760912590556811,
-2.3010299956639813,CC#CC1(O)CCC2C3=C(C4=C(CC3)CC(=O)CC4)C(c3ccc(N(C)C)cc3)CC21C,-2.096910013008056,,-1.740362689494244,-2.005395031886706,
-1.3979400086720375,Cc1[nH]c(=O)c(C#N)cc1-c1ccncc1,-1.3979400086720375,,,,
-1.8750612633917,CCOC(=O)C(CCc1ccccc1)NC(C)C(=O)N1Cc2cc(OC)c(OC)cc2CC1C(=O)O,-1.8750612633917,,,,
-1.6283889300503116,CCOC(=O)Nc1ccc2c(c1)N(C(=O)CCN1CCOCC1)c1ccccc1S2,,,-1.6532125137753435,-1.8854640237914675,
-1.3832167518513314,COC(=O)C1=C(C)N=C(C)C(C(=O)OCCN(C)Cc2ccccc2)C1c1cccc([N+](=O)[O-])c1,,,-1.6989700043360187,-1.608793373986931,
-1.6989700043360187,NC(=O)c1cccc2cn(-c3ccc(C4CCCNC4)cc3)nc12,,,,,
-0.7781512503836436,O=c1[nH]c(O)cn1/N=C/c1ccc([N+](=O)[O-])o1,,,,,
-2.6989700043360187,CCCCCCCCCCCC(CC1OC(=O)C1CCCCCC)OC(=O)C(CC(C)C)NC=O,-2.0,,,-2.3090976174120144,
-2.0,NC(=O)N1c2ccccc2CC(=O)c2ccccc21,-2.798190099822149,,-2.5309873556067504,-2.601961276818638,
-1.8750612633917,CCCC(NC(C)C(=O)N1C(C(=O)O)CC2CCCCC21)C(=O)OCC,,,-0.3010299956639812,-1.8750612633917,
0.4001823949274971,CCCNC1CCc2nc(N)sc2C1,,,,1.013631348135158,
-1.7626785637274365,CCC(C)C(=O)OC1CC(O)C=C2C=CC(C)C(CCC(O)CC(O)CC(=O)O)C21,-1.7609248484091329,,-1.9892520064667776,-1.7256394326735374,
-2.4771212547196626,CCCNCC(O)COc1ccccc1C(=O)CCc1ccccc1,,,,,
-2.337459261290656,OCCOCCN1CCN(C2=Nc3ccccc3Sc3ccccc32)CC1,,,-2.2144362511319007,-2.855317205195943,
-2.1760912590556813,CCC(=O)NCCC1CCc2ccc3c(c21)CCO3,-2.9242792860618816,-3.0,-2.2218487496163566,-2.564463979535888,
-1.7853298350107671,COC1/C=C/OC2(C)Oc3c(C)c(O)c4c(O)c(c5c(c4c3C2=O)=NC2(CCN(CC(C)C)CC2)N=5)NC(=O)C(C)=CC=CC(C)C(O)C(C)C(O)C(C)C(OC(C)=O)C1C,-2.3010299956639813,-2.3010299956639813,-1.6821450763738317,-2.113943352306837,
-2.397940008672037,COC1/C=C/OC2(C)Oc3c(C)c(O)c4c(O)c(c(C=NN5CCN(C)CC5)c(O)c4c3C2=O)NC(=O)C(C)=CC=CC(C)C(O)C(C)C(O)C(C)C(OC(C)=O)C1C,-0.3010299956639812,,-2.246744709723841,-1.9834007381805383,
-1.6020599913279625,COC1/C=C/OC2(C)Oc3c(C)c(O)c4c(O)c(c(C=NN5CCN(C6CCCC6)CC5)c(O)c4c3C2=O)NC(=O)C(C)=CC=CC(C)C(O)C(C)C(O)C(C)C(OC(C)=O)C1C,-1.7781512503836436,,-1.619788758288394,-1.6020599913279625,
-2.0,COC1/C=C/OC2(C)Oc3c(C)c(O)c4c(O)c(c5c(nc6cc(C)ccn65)c4c3C2=O)NC(=O)C(C)=CC=CC(C)C(O)C(C)C(O)C(C)C(OC(C)=O)C1C,,,-1.9208187539523751,,
-1.6989700043360187,CCCc1nn(C)c2c(=O)[nH]c(-c3cc(S(=O)(=O)N4CCN(C)CC4)ccc3OCC)nc12,-1.7906369619317033,,-2.074404982081093,-1.4522976709946305,
-1.9030899869919435,CC(C)(C)C(O)/C=C/c1ccc2c(c1)OCO2,-1.9030899869919435,,-2.672097857935717,-2.322219294733919,
-2.544068044350276,CCC(c1cccc(O)c1)C(C)CN(C)C,-2.404406050921269,,-2.4167280755373683,-2.3521825181113627,
-1.146128035678238,CCOC(=O)c1ccc(C#Cc2ccc3c(c2)C(C)(C)CCS3)nc1,,,,-1.6989700043360187,
-1.255272505103306,Cc1cccc(Nc2ccncc2S(=O)(=O)NC(=O)NC(C)C)c1,,,,,
-3.009450895798694,CC(CCC(=O)O)C1CCC2C3C(O)CC4CC(O)CCC4(C)C3CCC12C,-3.051117426525757,,-5.184691430817598,-0.7781512503836436,
,Nc1nc(NC2CC2)c2ncn(C3C=CC(CO)C3)c2n1,-3.0,,-2.7748361825616668,,
,CC#CC(=O)N1CCCC1c1nc(-c2ccc(C(=O)Nc3ccccn3)cc2)c2c(N)nccn12,-2.263241434774581,,,-1.6989700043360187,
,CC(=O)Nc1ccc(O)cc1,-1.81424759573192,,-1.3979400086720375,-3.02368179886074,
,CC(C)(C)C(=O)OCOP(=O)(COCCn1cnc2c(N)ncnc21)OCOC(=O)C(C)(C)C,-1.740362689494244,,,-2.0,-1.845098040014257
,C[S+](CCC(N)C(=O)[O-])CC1OC(n2cnc3c(N)ncnc32)C(O)C1O,-0.6989700043360189,,,-0.6020599913279624,
,CCO,-4.547313099163422,-3.6020599913279625,,-5.696590845287982,
,CN(C)CCc1c[nH]c2ccc(CS(=O)(=O)N3CCCC3)cc12,-2.6989700043360187,,-2.7781512503836434,-2.6989700043360187,
,CCCCc1oc2ccccc2c1C(=O)c1cc(I)c(OCCN(CC)CC)c(I)c1,-0.6989700043360189,,-1.4393326938302626,-1.4825162866063686,-2.130333768495006
,CC1/C=C/C=C/C=C/C=C/C=C/C=C/C=C/C(OC2OC(C)C(O)C(N)C2O)CC2OC(O)(CC(O)CC(O)C(O)CCC(O)CC(O)CC(=O)OC(C)C(C)C1O)CC(O)C2C(=O)O,-0.5797835966168101,,-1.0,-1.0,
,CC(C)CN(CC(O)C(Cc1ccccc1)NC(=O)OC1CCOC1)S(=O)(=O)c1ccc(N)cc1,-2.278753600952829,,-2.544068044350276,,-2.537819095073274
,CCCCCOc1ccc(-c2ccc(-c3ccc(C(=O)NC4CC(O)C(O)NC(=O)C5C(O)C(C)CN5C(=O)C(C(C)O)NC(=O)C(C(O)C(O)c5ccc(O)cc5)NC(=O)C5CC(O)CN5C(=O)C(C(C)O)NC4=O)cc3)cc2)cc1,-1.3979400086720375,,-1.5440680443502757,-1.6766936096248666,-1.5440680443502757
,COc1ccc(-n2nc(C(N)=O)c3c2C(=O)N(c2ccc(N4CCCCC4=O)cc2)CC3)cc1,-3.4771212547196626,,,,
,CCOc1cc(C(CS(C)(=O)=O)N2C(=O)c3cccc(NC(C)=O)c3C2=O)ccc1OC,-3.0,-2.517761262944424,-2.8750612633917,-2.740362689494244,
,NC(=O)C[S+]([O-])C(c1ccccc1)c1ccccc1,-2.3010299956639813,,-1.9520435453393867,-2.12057393120585,
,CC1CCC2C(C)C(OC(=O)CCC(=O)O)OC3OC4(C)CCC1C32OO4,-1.6532125137753435,,,-1.2471546148811268,
,CC(=O)Oc1ccccc1C(=O)O,-1.4471580313422192,,,-1.0253058652647702,
,CN1C2CCC1CC(OC(=O)C(CO)c1ccccc1)C2,-2.0791812460476247,,,-1.235528446907549,
,CC(C)(CCCCCC(O)CCCCCC(C)(C)C(=O)O)C(=O)O,-1.6532125137753435,,-1.5637776333621658,-1.0,
,CC1=C(/C=C/C(C)=C/C=C/C(C)=C/C=C/C=C(C)/C=C/C=C(C)/C=C/C2=C(C)CCCC2(C)C)C(C)(C)CCC1,-1.954242509439325,,,,
,C=C(c1ccc(C(=O)O)cc1)c1cc2c(cc1C)C(C)(C)CCC2(C)C,-1.3979400086720375,,-1.59659709562646,-0.9030899869919436,-1.812913356642856
,CCC(C)C(NC(=O)C(CCC(=O)O)NC(=O)C(CCC(=O)O)NC(=O)C(Cc1ccccc1)NC(=O)C(CC(=O)O)NC(=O)CNC(=O)C(CC(N)=O)NC(=O)CNC(=O)CNC(=O)CNC(=O)CNC(=O)C1CCCN1C(=O)C(CCCN=C(N)N)NC(=O)C1CCCN1C(=O)C(N)Cc1ccccc1)C(=O)N1CCCC1C(=O)NC(CCC(=O)O)C(=O)NC(CCC(=O)O)C(=O)NC(Cc1ccc(O)cc1)C(=O)NC(CC(C)C)C(=O)O,-2.282546589969968,,-2.397940008672037,,-2.441956837656412
,Cc1c(N)nc(C(CC(N)=O)NCC(N)C(N)=O)nc1C(=O)NC(C(=O)NC(C)C(O)C(C)C(=O)NC(C(=O)NCCc1nc(-c2ncc(C(N)=O)s2)cs1)C(C)O)C(OC1OC(CO)C(O)C(O)C1OC1OC(CO)C(O)C(OC(N)=O)C1O)c1c[nH]cn1,-0.7781512503836436,,,-0.6532125137753437,-0.4771212547196624
,CN(Cc1ccc(C(C)(C)C)cc1)Cc1cccc2ccccc12,-1.9030899869919435,,-2.2587056809417,,-1.9030899869919435
,COC1=C2C(C)C(OC(=O)C(O)C(NC(=O)OC(C)(C)C)c3ccccc3)CC(O)(C(OC(=O)c3ccccc3)C3C4(OC(C)=O)COC4CC(OC)C3(C)C1=O)C2(C)C,-1.130333768495006,,,-1.3424226808222062,
,C=CCN1CC(C(=O)N(CCCN(C)C)C(=O)NCC)CC2c3cccc4[nH]cc(c34)CC21,-8.505149978319906,,,,
,C=C1/C(=C\C=C2/CCCC3(C)C2CCC3C(C)CCCC(C)(C)O)CC(O)CC1O,-6.845098040014257,,-7.176091259055681,-6.778151250383644,-7.414973347970818
,CC(C)CC(NC(=O)C(CCc1ccccc1)NC(=O)CN1CCOCC1)C(=O)NC(Cc1ccccc1)C(=O)NC(CC(C)C)C(=O)C1(C)CO1,-1.2787536009528289,,,-1.3424226808222062,
,CON=C(C(=O)NC1C(=O)N2C(C(=O)OCOC(=O)C(C)(C)C)=C(/C=C\c3scnc3C)CSC12)c1csc(N)n1,-2.7781512503836434,,-2.773603622632923,,
,C=CC1=C(C(=O)O)N2C(=O)C(=NC(=O)C(NOCC(=O)O)c3csc(N)n3)C2SC1,-2.0791812460476247,,,,
,CC(C)(ON=C(C(=O)NC1C(=O)N2C(C(=O)[O-])=C(C[n+]3ccccc3)CSC12)c1csc(N)n1)C(=O)O,-3.5642714304385628,,-2.8750612633917,-3.8846065812979305,
,CCC1OC(=O)C(C)C(OC2CC(C)(OC)C(O)C(C)O2)C(C)C(OC2OC(C)CC(N(C)C)C2O)C(C)(OC)CC(C)C(=O)C(C)C(O)C1(C)O,-1.146128035678238,,,-1.224014811372864,
,COC(=O)C1C(OC(=O)c2ccccc2)CC2CCC1N2C,-0.9294189257142929,,,-0.8016323462331665,
,COc1cc2c(c(OC)c1OC)-c1ccc(OC)c(=O)cc1C(NC(C)=O)CC2,-0.7781512503836436,,,-0.6766936096248666,-0.3010299956639812
,COC(=O)NC(C(=O)N1CCCC1c1nc(-c2ccc(-c3ccc(-c4c[nH]c(C5CCCN5C(=O)C(NC(=O)OC)C(C)C)n4)cc3)cc2)c[nH]1)C(C)C,-1.6989700043360187,,-2.5118833609788744,,
,CC(C)CN(CC(O)C(Cc1ccccc1)NC(=O)OC1COC2OCCC12)S(=O)(=O)c1ccc(N)cc1,-3.0,,-2.0,,-2.633468455579586
,O=C(O)c1ccc(-n2nc(-c3ccccc3O)nc2-c2ccccc2O)cc1,-2.0,,-2.0,,-1.8864907251724816
,CC(C)Nc1cccnc1N1CCN(C(=O)c2cc3cc(NS(C)(=O)=O)ccc3[nH]2)CC1,-2.1760912590556813,,-2.1826591646762967,,-2.5473644129795043
,COc1ccc(C2Sc3ccccc3N(CCN(C)C)C(=O)C2OC(C)=O)cc1,-2.0,,-2.249198357391113,-1.7160033436347992,-1.4771212547196624
,COc1ccc(C2Sc3ccccc3N(CCN(C)C)C(=O)C2OC(C)=O)cc1,-2.0,,-2.249198357391113,-1.7160033436347992,-2.397940008672037
,COc1ccc(C2Sc3ccccc3N(CCN(C)C)C(=O)C2OC(C)=O)cc1,-2.0,,-2.249198357391113,-0.6020599913279624,-1.4771212547196624
,COc1ccc(C2Sc3ccccc3N(CCN(C)C)C(=O)C2OC(C)=O)cc1,-2.0,,-2.249198357391113,-0.6020599913279624,-2.397940008672037
,COc1ccc(C2Sc3ccccc3N(CCN(C)C)C(=O)C2OC(C)=O)cc1,-2.0,,-1.7781512503836436,-1.7160033436347992,-1.4771212547196624
,COc1ccc(C2Sc3ccccc3N(CCN(C)C)C(=O)C2OC(C)=O)cc1,-2.0,,-1.7781512503836436,-1.7160033436347992,-2.397940008672037
,COc1ccc(C2Sc3ccccc3N(CCN(C)C)C(=O)C2OC(C)=O)cc1,-2.0,,-1.7781512503836436,-0.6020599913279624,-1.4771212547196624
,COc1ccc(C2Sc3ccccc3N(CCN(C)C)C(=O)C2OC(C)=O)cc1,-2.0,,-1.7781512503836436,-0.6020599913279624,-2.397940008672037
,COC(=O)/C=C/C(=O)OC,-2.0,,-2.0,-2.1760912590556813,
,CC(=O)OC12COC1CC(O)C1(C)C(=O)C(=O)C3C(C)C(OC(=O)C(O)C(NC(=O)OC(C)(C)C)c4ccccc4)CC(O)(C(OC(=O)c4ccccc4)C21)C3(C)C,-0.6989700043360189,,,,
,O=C(OC1CC2CC3CC(C1)N2CC3=O)c1c[nH]c2ccccc12,-1.8750612633917,,-2.331843943078201,,-1.9208187539523751
,COc1cccc2c(O)c3c(O)c4c(c(O)c3c(O)c12)=C(OC1CC(N)C(O)C(C)O1)CC(O)(C(=O)CO)C=4,-1.0086001717619175,,-0.9777236052888476,-0.9667590668613208,
,CCCCc1oc2ccc(NS(C)(=O)=O)cc2c1C(=O)c1ccc(OCCCN(CCCC)CCCC)cc1,-1.591064607026499,,-2.204119982655925,-0.8450980400142568,
,CN1CCCC1Cc1c[nH]c2ccc(CCS(=O)(=O)c3ccccc3)cc12,-2.6020599913279625,,-2.3891660843645326,-2.3640817414110704,
,COc1ccc(CN(C(=O)C(N)Cc2c(C)cc(C(N)=O)cc2C)C(C)c2nc(-c3ccccc3)c[nH]2)cc1C(=O)O,-2.6989700043360187,,,,
,C#Cc1cccc(Nc2ncnc3cc(OCCOC)c(OCCOC)cc23)c1,-0.7634279935629372,,,,-1.0
,CC(=O)OC1Cc2ccccc2N(C(N)=O)c2ccccc21,-2.397940008672037,,-2.0805363001325907,-2.3891660843645326,
,COc1ccc2[nH]c([S+]([O-])Cc3ncc(C)c(OC)c3C)nc2c1,-1.9030899869919435,,-2.4471580313422194,-2.0588054866759067,
,COc1ccc2[nH]c([S+]([O-])Cc3ncc(C)c(OC)c3C)nc2c1,-1.9030899869919435,,-2.4471580313422194,-1.8920946026904804,
,COc1ccc2[nH]c([S+]([O-])Cc3ncc(C)c(OC)c3C)nc2c1,-1.9030899869919435,,-2.0791812460476247,-2.0588054866759067,
,COc1ccc2[nH]c([S+]([O-])Cc3ncc(C)c(OC)c3C)nc2c1,-1.9030899869919435,,-2.0791812460476247,-1.8920946026904804,
,COc1ccc2[nH]c([S+]([O-])Cc3ncc(C)c(OC)c3C)nc2c1,-0.0,,-2.4471580313422194,-2.0588054866759067,
,COc1ccc2[nH]c([S+]([O-])Cc3ncc(C)c(OC)c3C)nc2c1,-0.0,,-2.4471580313422194,-1.8920946026904804,
,COc1ccc2[nH]c([S+]([O-])Cc3ncc(C)c(OC)c3C)nc2c1,-0.0,,-2.0791812460476247,-2.0588054866759067,
,COc1ccc2[nH]c([S+]([O-])Cc3ncc(C)c(OC)c3C)nc2c1,-0.0,,-2.0791812460476247,-1.8920946026904804,
,CC(C)=CCc1c(O)n(-c2ccccc2)n(-c2ccccc2)c1=O,-2.7781512503836434,,,-2.0211892990699383,
,COC1OC(COS(=O)(=O)O)C(OC2OC(C(=O)O)C(OC3OC(COS(=O)(=O)O)C(OC4OC(C(=O)O)C(OC5OC(COS(=O)(=O)O)C(O)C(O)C5NS(=O)(=O)O)C(O)C4O)C(OS(=O)(=O)O)C3NS(=O)(=O)O)C(O)C2OS(=O)(=O)O)C(O)C1NS(=O)(=O)O,-1.0,,-1.0,,
,CC(C)CN(CC(O[PH](=O)(=O)O)C(Cc1ccccc1)NC(=O)OC1CCOC1)S(=O)(=O)c1ccc(N)cc1,-3.3502480183341627,,-2.9080311028032235,,
,CC(C)c1cccc(C(C)C)c1OCO[PH](=O)(=O)O,-1.9890046156985368,,,,-0.6989700043360189
,NCC1(CC(=O)O)CCCCC1,-3.00966331667938,,-3.3010299956639813,-3.3452336581560345,-3.1760912590556813
,Cc1ccc(C)c(OCCCC(C)(C)C(=O)O)c1,-1.3010299956639813,,,-1.3617278360175928,
,CSCCC(NC(=O)C(CC(C)C)NC(=O)C(Cc1ccc(O)cc1)NC(=O)C(CCC(N)=O)NC(=O)C(NC(=O)C(Cc1ccccc1)NC(=O)C(CC(=O)O)NC(=O)C(CCC(N)=O)NC(=O)C(C)NC(=O)C(CCCN=C(N)N)NC(=O)C(CCCN=C(N)N)NC(=O)C(CO)NC(=O)C(CC(=O)O)NC(=O)C(CC(C)C)NC(=O)C(Cc1ccc(O)cc1)NC(=O)C(CCCCN)NC(=O)C(CO)NC(=O)C(Cc1ccc(O)cc1)NC(=O)C(CC(=O)O)NC(=O)C(CO)NC(=O)C(NC(=O)C(Cc1ccccc1)NC(=O)C(NC(=O)CNC(=O)C(CCC(N)=O)NC(=O)C(CO)NC(=O)C(N)Cc1c[nH]cn1)C(C)O)C(C)O)C(C)C)C(=O)NC(CC(N)=O)C(=O)NC(C(=O)O)C(C)O,-0.3010299956639812,,-1.070037866607755,-0.6989700043360189,
,C[N+]1(C)CCC(OC(=O)C(O)(c2ccccc2)C2CCCC2)C1,-0.9030899869919436,,,-2.0310042813635367,
,CN1C2CCCC1CC(NC(=O)c1nn(C)c3ccccc13)C2,-2.096910013008056,,-1.9420080530223127,,
,CC12CCC(=O)C=C1CCC1C2C(O)CC2(C)C1CCC2(O)C(=O)CO,-1.1760912590556811,,-1.1760912590556811,,
,CCCCCN(C)CCC(O)([PH](=O)(=O)O)[PH](=O)(=O)O,-1.9294189257142929,,-0.0,-1.5314789170422551,
,C=CC(=O)N1CCCC(n2nc(-c3ccc(Oc4ccccc4)cc3)c3c(N)ncnc32)C1,-2.3521825181113627,,,-2.355387657986574,
,CC(C)(C)NC(=O)C1CN(Cc2cccnc2)CCN1CC(O)CC(Cc1ccccc1)C(=O)NC1c2ccccc2CC1O,-3.24551266781415,,-2.584331224367531,-2.7592480336546177,
,CCc1c2c(nc3ccc(OC(=O)N4CCC(N5CCCCC5)CC4)cc13)-c1cc3c(c(=O)n1C2)COC(=O)C3(O)CC,-1.7481880270062005,,,-0.7403626894942439,
,NNC(=O)c1ccncc1,-0.8750612633917001,,,-1.859338479128867,
,CC(C)(C)c1cc(C(C)(C)C)c(NC(=O)c2c[nH]c3ccccc3c2=O)cc1O,-2.397940008672037,-2.669006780958576,-2.375663613960885,-2.096910013008056,
,C/C(=C\c1csc(C)n1)C1CC2OC2(C)CCCC(C)C(O)C(C)C(=O)C(C)(C)C(O)CC(=O)N1,-0.4771212547196624,,,-0.4771212547196624,
,NC(Cc1ccc(O)c(O)c1)C(=O)O,-2.255272505103306,,,,
,NC(Cc1cc(I)c(Oc2cc(I)c(O)c(I)c2)c(I)c1)C(=O)O,-8.204119982655925,,,-8.406114195235645,
,CC1NC(=O)C2CCCN2C(=O)C(CC(N)=O)NC(=O)C2CSSCC(N)C(=O)NC3CSSCC(NC1=O)C(=O)NC(C(C)O)C(=O)NCC(=O)NC(C(=O)NC(Cc1ccc(O)cc1)C(=O)O)CSSCC(NC(=O)C(Cc1ccc(O)cc1)NC(=O)C(CCC(=O)O)NC3=O)C(=O)N2,-2.0,,,-2.028028723600244,
,CC(Cc1ccccc1)NC(=O)C(N)CCCCN,-1.6020599913279625,-1.6020599913279625,,,
,COc1ccc2[nH]c3c(c2c1)CCNC31CSC2c3c(OC(C)=O)c(C)c4c(c3C(COC1=O)N1C(O)C3Cc5cc(C)c(OC)c(O)c5C(C21)N3C)OCO4,-0.9542425094393248,,,,
,CCOC(=O)CC(SP(=S)(OC)OC)C(=O)OCC,-1.1760912590556811,,,-1.3926969532596658,
,CC12CC3CC(C)(C1)CC(N)(C3)C2,-1.9030899869919435,,-1.6532125137753435,-1.9382694834629115,
,CN(C)CCN(Cc1cccs1)c1ccccn1,-1.1760912590556811,,,-0.8129133566428556,
,CN(Cc1cnc2nc(N)nc(N)c2n1)c1ccc(C(=O)NC(CCC(=O)O)C(=O)O)cc1,-1.0,,,-1.423245873936808,
,COc1c2occc2cc2ccc(=O)oc12,-1.1139433523068367,,-1.9938769149412112,-0.6989700043360189,
,COC(C)(C)C,-2.6989700043360187,,,-2.421603926869832,
,C[N+]1(CC2CC2)CCC23c4c5ccc(O)c4OC2C(=O)CCC3(O)C1C5,-3.1760912590556813,,,-2.848189116991399,
,COC1C(N(C)C(=O)c2ccccc2)CC2OC1(C)n1c3ccccc3c3c4c(c5c6ccccc6n2c5c31)C(=O)NC4,-2.3010299956639813,-2.4771212547196626,,,
,CCCCN1CC(O)C(O)C(O)C1CO,-2.9586741242384,-2.255272505103306,-3.03154310833328,-3.141911630920288,
,Nc1nc(CC(=O)Nc2ccc(CCNCC(O)c3ccccc3)cc2)cs1,-2.3010299956639813,,-1.619788758288394,-1.6020599913279625,
,OCCN=CCNc1ccc(NCCNCCO)c2c(O)c3c(O)ccc(O)c3c(O)c12,-1.3010299956639813,,,-0.9030899869919436,
,NC(CCC(=O)O)C(=O)O,-0.0,,,-3.93597934219487,
,C=CCN1CCC23c4c5ccc(O)c4OC2C(OCCOCCOCCOCCOCCOCCOCCOC)CCC3(O)C1C5,-2.7617608341954742,-2.7269987279362624,-2.505149978319906,-2.720159303405957,
,CNS(=O)(=O)CCc1ccc2[nH]cc(C3CCN(C)CC3)c2c1,-2.531478917042255,,,-2.531478917042255,
,Cc1ccnc2c1NC(=O)c1cccnc1N2C1CC1,-2.401400540781544,,-1.7817553746524688,-1.235528446907549,
,CN1CCCC1c1cccnc1,-1.8084360542881115,,,-1.3925616800980352,
,CCC1C(O)C2C3CCC(C(C)CCC(=O)O)C3(C)CCC2C2(C)CCC(O)CC12,-1.6232492903979006,-1.954242509439325,-1.9057958803678683,-1.9030899869919435,
,CN(C)CC/C=C1/c2ccccc2COc2ccc(CC(=O)O)cc21,-2.7781512503836434,-2.7781512503836434,-2.7781512503836434,-2.195207549502754,
,COC(=O)CC(O)(CCCC(C)(C)O)C(=O)OC1C(OC)=CC23CCCN2CCc2cc4c(cc2C13)OCO4,-2.2174839442139063,,,-2.7671558660821804,
,CC(C)Oc1ccc(-c2nc(-c3cccc4c3CCC4NCCO)no2)cc1C#N,-1.3979400086720375,,-1.6434526764861874,,
,CC(=O)OC1=C2C(C)C(OC(=O)C(O)C(NC(=O)c3ccccc3)c3ccccc3)CC(O)(C(OC(=O)c3ccccc3)C3C4(OC(C)=O)COC4CC(O)C3(C)C1=O)C2(C)C,-0.6989700043360189,,,-0.8846065812979305,
,O=C1c2cccc3c2C(CCC3)CN1C1CN2CCC1CC2,-2.255272505103306,,-2.255272505103306,-1.9867717342662448,
,Cc1[nH]c2ccccc2c1CCNCc1ccc(/C=C/C(O)=NO)cc1,-2.0,-1.8750612633917,,,
,CCC1(c2ccccc2)C(=O)NC(=O)NC1=O,-0.6989700043360189,,-0.5440680443502757,-1.0258642040799246,
,CCN1CCN(C(=O)NC(C(=O)NC2C(=O)N3C2SC(C)(C)C3C(=O)O)c2ccccc2)C(=O)C1=O,-3.6020599913279625,,-3.0,,
,Cc1ccc(=O)n(-c2ccccc2)c1,-3.0,,-2.98838552153539,-3.041392685158225,
,CC12C=CC(=O)C=C1CCC1C2C(O)CC2(C)C1CCC2(O)C(=O)CO,-1.146128035678238,,,-1.4313637641589874,
,CC(C)NCC(O)COc1cccc2ccccc12,-0.6020599913279624,,,-1.6020599913279625,
,NC(=O)c1cnccn1,-4.447158031342219,,,-4.271764185289855,
,CC(C)(C)c1cc(NC(=O)Nc2ccc(-c3cn4c(n3)sc3cc(OCCN5CCOCC5)ccc34)cc2)no1,-1.4771212547196624,,,-0.4771212547196624,
,COCCCOc1ccnc(C[S+]([O-])c2nc3ccccc3[nH]2)c1C,-2.3010299956639813,,-1.6763887345811752,-1.7958800173440752,
,C#CCNC1CCc2ccccc21,-1.1760912590556811,,-1.2041199826559248,-1.230448921378274,
,NC(=O)c1ncn(C2OC(CO)C(O)C2O)n1,-2.0589778599593376,-2.204119982655925,-1.8016323462331665,-2.3010299956639813,
,O=[PH](=O)(O)C(O)(Cc1cccnc1)[PH](=O)(=O)O,-1.505149978319906,,,-0.7781512503836436,
,CC(C)c1nc(CN(C)C(=O)NC(C(=O)NC(Cc2ccccc2)CC(O)C(Cc2ccccc2)NC(=O)OCc2cncs2)C(C)C)cs1,-2.404406050921269,-1.6989700043360187,-1.6812412373755872,,
,CS(=O)(=O)c1ccc(-c2coc(O)c2-c2ccccc2)cc1,-2.335314592824067,,-2.3082085802911045,,
,CCCN1CCCCC1C(=O)Nc1c(C)cccc1C,-1.414973347970818,,,,
,N#CC1CC2CC2N1C(=O)C(N)C12CC3CC(CC(O)(C3)C1)C2,-2.4771212547196626,,-2.322219294733919,-2.1760912590556813,
,CN1C2CC(OC(=O)C(CO)c3ccccc3)CC1C1OC12,-2.0791812460476247,,,-2.0791812460476247,
,CC(C)N(CCCCOCC(=O)NS(C)(=O)=O)c1cnc(-c2ccccc2)c(-c2ccccc2)n1,-2.6989700043360187,,-1.6020599913279625,-2.0,
,COc1ccc2c(OC3CC4C(=O)NC5(C(=O)NS(=O)(=O)C6CC6)CC5/C=C\CCCCN(C)C(=O)C4C3)cc(-c3nc(C(C)C)cs3)nc2c1C,-2.556302500767288,,,-3.4771212547196626,
,CCC(C)(C)C(=O)OC1CC(C)C=C2C=CC(C)C(CCC3CC(O)CC(=O)O3)C21,-1.8044801891059927,,-1.375663613960885,-1.3263358609287514,
,O=NO,-0.9030899869919436,,,-0.9030899869919436,
,NC(=O)OCC(N)Cc1ccccc1,-2.645422269349092,,-2.300305567669649,-2.130333768495006,
,Cc1cn(C2C=CC(CO)O2)c(=O)[nH]c1=O,-3.3010299956639813,-3.263241434774581,-2.912430013246087,-0.6020599913279624,
,CNS(=O)(=O)Cc1ccc2[nH]cc(CCN(C)C)c2c1,-1.5250448070368452,-1.806179973983887,-1.916453948549925,-1.635986111800833,
,CN1CC(=O)N2C(Cc3c([nH]c4ccccc34)C2c2ccc3c(c2)OCO3)C1=O,-2.6020599913279625,,,-2.45484486000851,
,CNCC(O)C(O)C(O)C(O)CO,-1.0791812460476249,,-1.7883704155653295,-1.7634279935629371,
,CCOc1ccccc1OCCNC(C)Cc1ccc(OC)c(S(N)(=O)=O)c1,-0.1760912590556812,,-2.00108438129222,-0.7781512503836436,
,CCC(=O)NCC1CC1c1cccc2c1CCO2,-2.544068044350276,-0.6989700043360189,-2.18089014193745,-2.406540180433955,
,CCC1OC(=O)C(C)C(=O)C(C)C(OC2OC(C)CC(N(C)C)C2O)C(C)(OC)CC(C)C(=O)C(C)C2N(CCCCn3cnc(-c4cccnc4)c3)C(=O)OC12C,-2.1760912590556813,,-2.170261715394957,-0.4259687322722812,
,CCCc1nc2c(C)cc(-c3nc4ccccc4n3C)cc2n1Cc1ccc(-c2ccccc2C(=O)O)cc1,-1.4771212547196624,,,-2.0498638138403336,
,Cn1nnc2c(C(N)=O)ncn2c1=O,-0.3010299956639812,,-0.3010299956639812,,
,COC1CC2CCC(C)C(O)(O2)C(=O)C(=O)N2CCCCC2C(=O)OC(C(C)CC2CCC(OC(=O)C(C)(CO)CO)C(OC)C2)CC(=O)C(C)=CC(C)C(O)C(OC)C(=O)C(C)CC(C)/C=C/C=C/C=C/1C,-0.0,,,,
,CC(C)OC(=O)OCOP(=O)(COC(C)Cn1cnc2c(N)ncnc21)OCOC(=O)OC(C)C,-3.0,,,-1.9590413923210936,
,CN(C/C=C/C#CC(C)(C)C)Cc1cccc2ccccc12,-1.9867717342662448,,-2.2310871205848226,-1.7732987475892317,
,c1ccc2[nH]c(-c3cscn3)nc2c1,-1.1139433523068367,,-1.1139433523068367,-1.1613680022349748,
,Cc1ccsc1C(=CCCN1CCCC(C(=O)O)C1)c1sccc1C,-2.6020599913279625,,-1.870208760597288,,
,C[N+]1(C)C2CC(OC(=O)C(O)(c3cccs3)c3cccs3)CC1C1OC12,-6.903089986991944,,-0.4259687322722812,-1.0071785846271235,
,CC1CCN(C(=O)CC#N)CC1N(C)c1ncnc2[nH]ccc12,-3.0,,-1.7032913781186614,-1.960100647680116,
,Cc1ccc(C(=O)c2ccc(CC(=O)O)n2C)cc1,-1.3222192947339193,,,,
,COc1cc2c(cc1O)CCNC21CSC2c3c(OC(C)=O)c(C)c4c(c3C(COC1=O)N1C(O)C3Cc5cc(C)c(OC)c(O)c5C(C21)N3C)OCO4,-0.3010299956639812,,-0.3010299956639812,,
,CCOC(=O)C(CCc1ccccc1)NC(C)C(=O)N1C(C(=O)O)CC2CCCCC21,-0.0,,,,
,CC(C=C/C=C(C)/C=C/C1=C(C)CCCC1(C)C)=CC(=O)O,-6.823908806088486,,-0.6020599913279624,-0.8325089127062363,
,COc1cc(C(=O)NCc2ccc(OCCN(C)C)cc2)cc(OC)c1OC,-0.6989700043360189,,,-0.6989700043360189,
,Cc1c(C)c2c(c(C)c1O)CCC(C)(COc1ccc(Cc3sc(=O)[nH]c3O)cc1)O2,-0.6020599913279624,,-2.5462341061067835,-0.8760584957056488,
,O=C(OC1CC2CCC(C1)[N+]21CCCC1)C(O)(c1ccccc1)c1ccccc1,-2.3010299956639813,-0.3010299956639812,,,
,CCCC(CCC)C(=O)O,-1.1760912590556811,-1.1760912590556811,,-2.0322733058555174,
,CCCCC(=O)N(Cc1ccc(-c2ccccc2-c2nn[nH]n2)cc1)C(C(=O)O)C(C)C,-2.3010299956639813,,-1.7781512503836436,-2.439332693830263,
,c1cnc2cc3c(cc2n1)C1CNCC3C1,-2.0,,-1.4771212547196624,-0.7403626894942439,
,Cc1ccc(Sc2ccccc2N2CCNCC2)c(C)c1,-1.670245853074124,-1.6989700043360187,-1.72153583223476,-1.8260748027008264,
,COc1cc(C(=O)NS(=O)(=O)c2ccccc2C)ccc1Cc1cn(C)c2ccc(NC(=O)OC3CCCC3)cc12,-2.740362689494244,,-2.7954938061297363,-2.6020599913279625,
,CCN(C(C)=O)c1cccc(-c2ccnc3c(C#N)cnn23)c1,-2.628388930050312,,-1.9247714045076303,-1.8915881367649727,
,O=[PH](=O)(O)C(O)(Cn1ccnc1)[PH](=O)(=O)O,-1.548184610545108,,-0.6600519383056491,,
,CN(C)CCc1c[nH]c2ccc(CC3COC(=O)N3)cc12,-1.3979400086720375,,-2.3273589343863303,,
,COc1cc(CNC(=O)CCCC/C=C/C(C)C)ccc1O,,-1.4471580313422192,,-0.9030899869919436,
,CNCC(O)c1ccc(O)c(O)c1,,-7.301029995663981,,-0.7781512503836436,
,Cc1cnc(Nc2ccc(OCCN3CCCC3)cc2)nc1Nc1cccc(S(=O)(=O)NC(C)(C)C)c1,,-0.7269987279362623,,,
,Cc1ccc(NC(=O)c2ccc(CN3CCN(C)CC3)cc2)cc1Nc1nccc(-c2cccnc2)n1,,-1.0,,-0.4259687322722812,
,O=C(c1ccccc1)c1ccc2n1CCC2C(=O)O,,-0.4771212547196624,-1.4771212547196624,-0.3010299956639812,
,COC(=O)CCC(=O)CN,,-1.0,-2.628388930050312,-1.6989700043360187,
,O=[N+]([O-])OCC(CO[N+](=O)[O-])O[N+](=O)[O-],,-2.2756951764686093,-2.587336734507256,-2.5599066250361124,
,CN1CCC23c4c5ccc(O)c4OC2C(=O)CCC3(O)C1C5,,-1.8750612633917,,-1.0,
,CN(C)C(=O)Oc1ccc[n+](C)c1,,-0.0,,-0.3010299956639812,
,C=CC1CN2CCC1CC2C(O)c1ccnc2ccc(OC)cc12,,-2.0,,-2.0,
,CN1CCN(c2ccc(Nc3ncc4cc5n(c4n3)C3(CCCCC3)CNC5=O)nc2)CC1,,-1.0,,,
,COCCOC1C(O)C(COP(=O)(S)OC2C(COP(=O)(S)OC3C(COP(=O)(S)OC4C(COP(=O)(S)OC5C(COP(=O)(S)OC6CC(n7cc(C)c(N)nc7=O)OC6COP(=O)(S)OC6CC(n7cnc8c(=O)[nH]c(N)nc87)OC6COP(=O)(S)OC6CC(n7cnc8c(N)ncnc87)OC6COP(=O)(S)OC6CC(n7cc(C)c(N)nc7=O)OC6COP(=O)(S)OC6CC(n7cc(C)c(N)nc7=O)OC6COP(=O)(S)OC6CC(n7cc(C)c(=O)[nH]c7=O)OC6COP(=O)(S)OC6CC(n7cnc8c(=O)[nH]c(N)nc87)OC6COP(=O)(S)OC6CC(n7cc(C)c(=O)[nH]c7=O)OC6COP(=O)(S)OC6CC(n7cc(C)c(=O)[nH]c7=O)OC6COP(=O)(S)OC6CC(n7cc(C)c(N)nc7=O)OC6COP(=O)(S)OC6C(COP(=O)(S)OC7C(COP(=O)(S)OC8C(COP(=O)(S)OC9C(COP(=O)(S)OC%10C(CO)OC(n%11cnc%12c(N)ncnc%12%11)C%10OCCOC)OC(n%10cnc%11c(=O)[nH]c(N)nc%11%10)C9OCCOC)OC(n9cc(C)c(N)nc9=O)C8OCCOC)OC(n8cc(C)c(=O)[nH]c8=O)C7OCCOC)OC(n7cc(C)c(=O)[nH]c7=O)C6OCCOC)OC(n6cc(C)c(=O)[nH]c6=O)C5OCCOC)OC(n5cc(C)c(=O)[nH]c5=O)C4OCCOC)OC(n4cc(C)c(=O)[nH]c4=O)C3OCCOC)OC(n3cnc4c(N)ncnc43)C2OCCOC)OC1n1cc(C)c(=O)[nH]c1=O,,-0.6020599913279624,-1.5835765856339494,-1.1760912590556811,
,CC(=O)OC1CCC2(C)C(=CCC3C2CCC2(C)C(c4cccnc4)=CCC32)C1,,,-2.439332693830263,-2.6368220975871743,
,O=C(OC1C[N+]2(CCCOc3ccccc3)CCC1CC2)C(O)(c1cccs1)c1cccs1,,,-7.146128066699271,-7.92427928812995,
,COc1ccc(-c2ccc3cc(C(=O)O)ccc3c2)cc1C12CC3CC(CC(C3)C1)C2,,,-0.6989700043360189,-0.7781512503836436,-0.6989700043360189
,CCCCC(NC(=O)C(CO)NC(=O)C(Cc1ccc(O)cc1)NC(=O)C(CO)NC(C)=O)C(=O)NC(CCC(=O)O)C(=O)NC(Cc1c[nH]cn1)C(=O)NC(Cc1ccccc1)C(=O)NC(CCCN=C(N)N)C(=O)NC(Cc1c[nH]c2ccccc12)C(=O)NCC(=O)NC(CCCCN)C(=O)N1CCCC1C(=O)NC(C(N)=O)C(C)C,,,-1.3010299956639813,,
,COc1ccc2cccc(CCNC(C)=O)c2c1,,,-2.096910013008056,,
,CC(C)(C)NCC(O)c1ccc(O)c(CO)c1,,,-8.036096449259214,-0.6989700043360189,
,CCc1cc2c(cc1N1CCC(N3CCOCC3)CC1)C(C)(C)c1[nH]c3cc(C#N)ccc3c1C2=O,,,-0.4771212547196624,-1.1613680022349748,
,COc1cc2nc(N(C)CCCNC(=O)C3CCCO3)nc(N)c2cc1OC,,,-2.292256071356476,-2.0,
,Cn1c(=O)cc(N2CCCC(N)C2)n(Cc2ccccc2C#N)c1=O,,,-2.837053981681968,-3.014205413953746,
,Cc1[nH]cnc1CN1CCc2c(c3ccccc3n2C)C1=O,,,-1.6434526764861874,,-1.6020599913279625
,CC1(C)SC2C(/N=C/N3CCCCCC3)C(=O)N2C1C(=O)O,,,-2.066946789630613,-4.116441697539312,
,Nc1ccncc1N,,,-0.4771212547196624,-1.568201724066995,
,Nc1ccncc1N,,,-0.4771212547196624,-1.568201724066995,
,Nc1ccncc1N,,,-1.3010299956639813,-1.568201724066995,
,Nc1ccncc1N,,,-1.3010299956639813,-1.568201724066995,
,NCC(=O)CCC(=O)O,,,-2.0,,
,Cn1c(=O)c2[nH]cnc2n(C)c1=O,,,-1.0791812460476249,-1.2430380486862944,
,CN(C)CCC=C1c2ccccc2CCc2ccccc21,,,-0.9542425094393248,-1.0280287236002437,
,CC(C)(C#N)c1cc(Cn2cncn2)cc(C(C)(C)C#N)c1,,,-1.3979400086720375,,-1.2787536009528289
,CNCCC(Oc1ccccc1C)c1ccccc1,,,-1.293730756922482,,
,CC1C(=NC(=O)C(NOC(C)(C)C(=O)O)c2csc(N)n2)C(=O)N1S(=O)(=O)O,,,-2.617000341120899,-3.255272505103306,
,O=C(Cn1ccnc1[N+](=O)[O-])NCc1ccccc1,,,-1.0,-1.213074825308851,
,O=C(c1ccccc1)c1ccccc1,,,-1.4471580313422192,-0.4771212547196624,
,CN(C)CCCOc1nn(Cc2ccccc2)c2ccccc12,,,-1.146128035678238,,
,CC(C)COCC(CN(Cc1ccccc1)c1ccccc1)N1CCCC1,,,-2.397940008672037,,
,CC(C)NCC(O)COc1ccc(CCOCC2CC2)cc1,,,-2.6020599913279625,,
,COc1ccccc1Oc1c(NS(=O)(=O)c2ccc(C(C)(C)C)cc2)nc(-c2ncccn2)nc1OCCO,,,-3.0301441417228645,,
,CCCCC(NC(C)=O)C(=O)NC1CC(=O)NCCCCC(C(=O)O)NC(=O)C(Cc2c[nH]c3ccccc23)NC(=O)C(CCCN=C(N)N)NC(=O)C(Cc2ccccc2)NC(=O)C(Cc2c[nH]cn2)NC1=O,,,-1.7520484478194385,-1.8750612633917,
,CCNC1CN(CCCOC)S(=O)(=O)c2sc(S(N)(=O)=O)cc21,,,-2.255272505103306,,
,CCCC1CC(=O)N(C(CC)C(N)=O)C1,,,-2.583576585633949,,
,CCCCNc1cc(C(=O)O)cc(S(N)(=O)=O)c1Oc1ccccc1,,,-1.4259687322722812,-1.4771212547196624,
,Cn1c(=O)c2c(ncn2C)n(C)c1=O,,,-1.812913356642856,,-1.6989700043360187
,CCOc1nc2cccc(C(=O)OC(C)OC(=O)OC3CCCCC3)c2n1Cc1ccc(-c2ccccc2-c2nn[nH]n2)cc1,,,-1.0,,
,C=C(C)C1CCC(C)=CC1c1c(O)cc(CCCCC)cc1O,,,-2.2247919564926817,-1.845098040014257,
,CCCC(C)(COC(N)=O)COC(=O)NC(C)C,,,-2.903089986991944,-2.271841606536499,
,O=C(Cc1cccs1)NC1C(=O)N2C(C(=O)[O-])=C(C[n+]3ccccc3)CSC12,,,-1.484299839346786,,
,CON=C(C(=O)NC1C(=O)N2C(C(=O)O)=C(C[N+]3(C)CCCC3)CSC12)c1csc(N)n1,,,-3.0,-1.4471580313422192,
,O=C(NC1C(=O)N2C(C(=O)O)C(=CSc3nnnn3CS(=O)(=O)O)CSC12)C(O)c1ccccc1,,,-2.0,,
,CC1OC2(CS1)CN1CCC2CC1,,,-1.6056641155967877,,
,CC(C)C(=O)OCC(=O)C12OC(C3CCCCC3)OC1CC1C3CC=C4CC(=O)C=CC4(C)C3C(O)CC12C,,,-8.92569876119301,,-7.951823054725721
,Nc1ccn(CC(CO)OC[PH](=O)(=O)O)c(=O)n1,,,-0.6989700043360189,,-2.0
,O=C1CCc2cc(OCCCCc3nnnn3C3CCCCC3)ccc2N1,,,-1.4771212547196624,,
,CC(C)c1nc(CN(C)C(=O)NC(CCN2CCOCC2)C(=O)NC(CCC(Cc2ccccc2)NC(=O)OCc2cncs2)Cc2ccccc2)cs1,,,-1.7958800173440752,,
,Cc1nc2c([nH]1)-c1ccccc1N(C(=O)c1ccc(NC(=O)c3ccccc3-c3ccccc3)cc1)CC2,,,-1.812913356642856,,-1.4771212547196624
,COc1c(OCCCN2CCOCC2)ccc2c3n(c(=NC(=O)c4cnc(N)nc4)nc12)CCN3,,,-1.1903316981702914,-0.4771212547196624,
,O=C(O)c1cc(=O)c2c(OCC(O)COc3cccc4oc(C(=O)O)cc(=O)c34)cccc2o1,,,-2.0,-2.0,
,Nc1ccncc1,,,-1.1383026981662814,,
,Nc1ccc(S(=O)(=O)c2ccc(N)cc2)cc1,,,-1.4771212547196624,,
,NC(=O)C(c1ccccc1)(c1ccccc1)C1CCN(CCc2ccc3c(c2)CCO3)C1,,,-1.6020599913279625,-1.0,-1.8750612633917
,CC1(C)OC2CC3C4CC=C5CC(=O)C=CC5(C)C4C(O)CC3(C)C2(C(=O)CO)O1,,,-3.4261315621742963,-0.6989700043360189,-3.3010299956639813
,Cc1cccc(C(C)c2c[nH]cn2)c1C,,,-7.698970004336019,,
,CC=C(c1ccc(O)cc1)C(CC)c1ccc(O)cc1,,,-0.7403626894942439,-5.397945220174552,
,CCCCCCCCCCCCCCCCCCCCCCO,,,-2.096910013008056,,
,C=C1/C(=C\C=C2/CCCC3(C)C2CCC3C(C)/C=C/C(C)C(C)C)CC(O)CC1O,,,-6.397940442966302,,-7.740362689494244
,CNCCC(Oc1cccc2ccccc12)c1cccs1,,,-1.6857417386022635,,
,CCOCCn1c(N2CCCN(C)CC2)nc2ccccc21,,,-2.119475840906798,,-2.113943352306837
,COc1ccc(C(=O)Nc2ccccc2CCC2CCCCN2C)cc1,,,-1.4471580313422192,,
,COc1cccc2c(O)c3c(O)c4c(c(O)c3c(O)c12)C(OC1CC(N)C(O)C(C)O1)=CC(O)(C(=O)CO)C4,,,0.0,-0.4771212547196624,-0.0
,COC(=O)C1=CC2CC(=O)CCC2(C)C23OC2CC2(C)C(CCC24CCC(=O)O4)C13,,,-2.57978359661681,,
,CC(CO)NC(=O)C1=CC2c3cccc4[nH]cc(c34)CC2N(C)C1,,,-0.6020599913279624,-0.6020599913279624,
,CC12CCC3c4ccc(O)cc4CCC3C1CCC2O,,,-0.6532125137753437,-1.6967930850817443,
,C#CC1(O)CCC2C3CCc4cc(O)ccc4C3CCC21C,,,-0.7781512503836436,-7.558022520642876,
,CCc1cccc2c3c([nH]c12)C(CC)(CC(=O)O)OCC3,,,-1.1760912590556811,,
,COc1cc(C2c3cc4c(cc3C(OC3OC5COC(C)OC5C(O)C3O)C3COC(=O)C23)OCO4)cc(OC)c1O,,,-0.9030899869919436,-0.7269987279362623,
,COc1cc(C2c3cc4c(cc3C(OC3OC5COC(C)OC5C(O)C3O)C3COC(=O)C23)OCO4)cc(OC)c1O[PH](=O)(=O)O,,,-0.6989700043360189,-0.3010299956639812,
,COC1CC2CCC(C)C(O)(O2)C(=O)C(=O)N2CCCCC2C(=O)OC(C(C)CC2CCC(OCCO)C(OC)C2)CC(=O)C(C)=CC(C)C(O)C(OC)C(=O)C(C)CC(C)/C=C/C=C/C=C/1C,,,-1.1760912590556811,-0.4771212547196624,-0.4771212547196624
,CC(=O)OCC(CCn1cnc2cnc(N)nc21)COC(C)=O,,,-1.6020599913279625,,-2.4771212547196626
,NC(=O)OCC(COC(N)=O)c1ccccc1,,,-2.4149733479708178,,-2.282546589969968
,CCC(=O)N(c1ccccc1)C1CCN(CCc2ccccc2)CC1,,,-0.6020599913279624,-1.3222192947339193,
,CC(C)(C)NC(=O)C1CCC2C3CCC4NC(=O)C=CC4(C)C3CCC12C,,,-1.2218487496163566,-1.4771212547196624,
,COc1ccc(CC(C)NCC(O)c2ccc(O)c(NC=O)c2)cc1,,,-2.081587315813503,-6.875061408156503,-6.875061408156503
,NC(CO)(CO)CO,,,-3.39503501802863,-3.505149978319906,
,CCC(=O)OC(OP(=O)(CCCCc1ccccc1)CC(=O)N1CC(C2CCCCC2)CC1C(=O)O)C(C)C,,,-2.0,,
,O=C1NC(c2ccccc2)(c2ccccc2)C(=O)N1CO[PH](=O)(=O)O,,,-1.6812412373755872,,-2.041392685158225
,COc1cnc(-n2cnc(C)n2)c2c1c(C(=O)C(=O)N1CCN(C(=O)c3ccccc3)CC1)cn2CO[PH](=O)(=O)O,,,-2.3010299956639813,,
,COc1ccc2c3c1OC1CC(O)C=CC31CCN(C)C2,,,-1.0,,-1.4771212547196624
,CCc1c(C)cn(C(=O)NCCc2ccc(S(=O)(=O)NC(=O)NC3CCC(C)CC3)cc2)c1O,,,-2.3201462861110542,-1.1760912590556811,
,O=C(CCCc1ccccc1)OCC(COC(=O)CCCc1ccccc1)OC(=O)CCCc1ccccc1,,,-4.665893545534432,-4.678778435623874,
,NCCc1c[nH]cn1,,,-2.3010299956639813,,
,CCCC(=O)OC1(C(=O)CO)CCC2C3CC=C4CC(=O)CCC4(C)C3C(O)CC21C,,,-0.3010299956639812,,-0.4771212547196624
,Oc1ccc(O)cc1,,,-2.6020599913279625,-1.7596678446896306,
,CCCCCCCN(CC)CCCC(O)c1ccc(NS(C)(=O)=O)cc1,,,-1.6989700043360187,,
,N=C(N)NCCCC(N)C(=O)NC(CCCN=C(N)N)C(=O)N1CCCC1C(=O)N1CC(O)CC1C(=O)NCC(=O)NC(Cc1cccs1)C(=O)NC(CO)C(=O)N1Cc2ccccc2CC1C(=O)N1C(C(=O)NC(CCCN=C(N)N)C(=O)O)CC2CCCCC21,,,-1.3979400086720375,-1.1317935832540489,
,CC/C=C\C/C=C\C/C=C\C/C=C\C/C=C\CCCC(=O)OCC,,,-3.6020599913279625,-2.812913356642856,
,CC#CCC(C)C(O)/C=C/C1C(O)CC2C/C(=C\CCCC(=O)O)CC21,,,-2.096910013008056,,
,CC=C(C)C(=O)OC1C(C)=CC23C(=O)C(=CC(CO)C(O)C12O)C1C(CC3C)C1(C)C,,,-6.698970004336019,,
,N=C(N)NCc1cccc([131I])c1,,,-1.3010299956639813,,
,COc1cc2c(cc1OC)CC(=O)N(CCCN(C)CC1Cc3cc(OC)c(OC)cc31)CC2,,,-1.1949766032160551,,
,COC1C(OC(C)=O)CC(=O)OC(C)C/C=C\C=C\C(O)C(C)CC(CC=O)C1OC1OC(C)C(OC2CC(C)(O)C(OC(=O)CC(C)C)C(C)O2)C(N(C)C)C1O,,,-1.3979400086720375,,
,COCC(NC(C)=O)C(=O)NCc1ccccc1,,,-2.3010299956639813,-2.204119982655925,
,OCC(O)C(O)C(OC1OC(CO)C(O)C(O)C1O)C(O)CO,,,-3.903089986991944,,
,CCNC(=O)C1CCCN1C(=O)C(CCCNC(=N)N)NC(=O)C(CC(C)C)NC(=O)C(CC(C)C)NC(=O)C(Cc1ccc(O)cc1)NC(=O)C(CO)NC(=O)C(Cc1c[nH]c2ccccc12)NC(=O)C(Cc1c[nH]cn1)NC(O)c1ccc(O)[nH]1,,,-1.230448921378274,-0.7781512503836436,
,CCN(CC)C(=O)C1(c2ccccc2)CC1CN,,,-2.0791812460476247,-2.026328938722349,
,COC(=O)Nc1nc2cc(C(=O)c3ccccc3)ccc2[nH]1,,,-1.8512583487190752,-2.0453229787866576,
,COc1ccc2[nH]cc(CCNC(C)=O)c2c1,,,-2.165095874754218,-1.6967930850817443,
,COc1ccccc1OCC1CNC(=O)O1,,,-1.3222192947339193,-1.3222192947339193,
,Nc1ccc(O)c(C(=O)O)c1,,,-3.6020599913279625,,
,CN(C)c1ccc2nc3ccc(=[N+](C)C)cc-3sc2c1,,,-2.210853365314893,-2.6087933739869307,
,CC1=C2CC(=O)C=CC2(C)C2C(O)CC3(C)C(CCC3(O)C(=O)COC(=O)CCC(=O)O)C2C1,,,-0.8450980400142568,,
,CC12CCC(=O)C=C1CCC1C2CCC2(C)C1CCC2(C)O,,,-1.0,-1.3617278360175928,
,OCCN1CC(O)C(O)C(O)C1CO,,,-3.0,,
,CCCCCCCCCCCCCCCCOP(=O)([O-])OCC[N+](C)(C)C,,,-0.6989700043360189,-0.6989700043360189,
,CN(C)c1ccc(O)c2c1CC1CC3C(N(C)C)C(=O)C(C(N)=O)C(=O)C3(O)C(=O)C1C2=O,,,-0.6989700043360189,-1.4471580313422192,
,Nc1cc(N2CCCCC2)nc(N)[n+]1[O-],,,-1.499687082618404,-1.649983543645145,
,CN1CCN2c3ncccc3Cc3ccccc3C2C1,,,-1.7781512503836436,-1.845098040014257,-2.041392685158225
,COC(=O)/C=C/C(=O)O,,,-1.3010299956639813,-1.3010299956639813,
,CON=C1CC2(CC3CC(C/C=C(\C)CC(C)/C=C/C=C4\COC5C(O)C(C)=CC(C(=O)O3)C45O)O2)OC(/C(C)=C/C(C)C)C1C,,,-1.3617278360175928,,
,CC(=CC(=O)OCCCCCCCCC(=O)O)CC1OCC(CC2OC2C(C)C(C)O)C(O)C1O,,,-2.0,-2.0,
,CN(C/C=C/c1ccccc1)Cc1cccc2ccccc12,,,-2.2604121447557173,-2.2730012720637376,
,CC(C)(NC(=O)C1CC2(O)C3Cc4ccc(O)c5c4C2(CCN3CC2CC2)C(O5)C1=O)c1nc(-c2ccccc2)no1,,,-2.7634279935629373,,
,CN1CCOC(c2ccccc2)c2ccccc2C1,,,-1.6812412373755872,,
,CC1CS(=O)(=O)CCN1/N=C/c1ccc([N+](=O)[O-])o1,,,-2.0,-1.3979400086720375,
,CCOC(=O)C1=CC(OC(CC)CC)C(NC(C)=O)C(N)C1,,,-2.7781512503836434,,
,CC(/C=C/C(C)C(C)(C)O)C1CCC2/C(=C/C=C3CC(O)CC(O)C3)CCCC21C,,,-6.477121254719663,-6.698970004336019,
,Nc1nc(=O)c2ncn(CCC(CO)CO)c2[nH]1,,,-1.9852767431792937,,
,CCC(CC)C(NC(C)=O)C1C(N=C(N)N)CC(C(=O)O)C1O,,,-2.4771212547196626,-2.4771212547196626,
,N#Cc1ccccc1-c1cc(-c2ccccn2)cn(-c2ccccc2)c1=O,,,-1.9030899869919435,-2.255272505103306,
,CCCN1CC(CSC)CC2c3cccc4[nH]cc(c34)CC21,,,-0.7781512503836436,-0.6532125137753437,
,O=C1NC(=O)C(c2ccccc2)(c2ccccc2)N1,,,-1.1139433523068367,-1.5984257066728682,
,CC(N=C(N=c1cc[nH]cc1)NC#N)C(C)(C)C,,,-1.130333768495006,-0.6989700043360189,
,CC(C)NCC(O)COc1cccc2[nH]ccc12,,,-1.8195439355418688,-2.113943352306837,
,CCc1ccc(CCOc2ccc(Cc3sc(=O)[nH]c3O)cc2)nc1,,,-1.64738297011462,-1.7075701760979365,
,CN1C(C(=O)Nc2ccccn2)C(=O)c2ccccc2S1(=O)=O,,,-0.0,,
,c1cc(CN2CCCNCCNCCCNCC2)ccc1CN1CCCNCCNCCCNCC1,,,-1.2174839442139065,,
,CC12CCC3C(CC=C4CC(O)CCC43C)C1CCC2=O,,,-2.0,,
,CCOC(=O)OC1(C(=O)COC(=O)CC)CCC2C3CC=C4CC(=O)C=CC4(C)C3C(O)CC21C,,,-0.0,-2.5352941200427703,
,O=C(c1ccc(OCCN2CCCCC2)cc1)c1c(-c2ccc(O)cc2)sc2cc(O)ccc12,,,-2.049218022670181,-1.505149978319906,
,CCOC(=O)C(CCc1ccccc1)NC(C)C(=O)N1C(C(=O)O)CC2CCCC21,,,-1.3979400086720375,,
,CN=C(C[N+](=O)[O-])NCCSCc1ccc(CN(C)C)o1,,,-1.484299839346786,-1.414973347970818,
,COc1ccccc1OCC(O)CN1CCN(CC(=O)Nc2c(C)cccc2C)CC1,,,-2.1760912590556813,,
,CCOc1cc(CC(=O)NC(CC(C)C)c2ccccc2N2CCCCC2)ccc1C(=O)O,,,-1.8293037728310249,-1.7781512503836436,
,Oc1cccc(O)c1,,,-1.1139433523068367,,
,CN(C)C(=O)c1cc2cnc(Nc3ccc(N4CCNCC4)cn3)nc2n1C1CCCC1,,,-2.1760912590556813,,
,Cc1cc(C=CC#N)cc(C)c1Nc1ccnc(Nc2ccc(C#N)cc2)n1,,,-2.6020599913279625,-2.230448921378274,
,CCC(=O)C1(C)C(C)CC2C3CC=C4CC(=O)C=CC4(C)C3C(O)CC21C,,,-1.4393326938302626,,
,Cc1cn2nc(-c3cc(=O)n4cc(N5CCNC6(CC6)C5)ccc4n3)cc(C)c2n1,,,-0.9542425094393248,,
,CC(NCCc1ccc(O)cc1)C(O)c1ccc(O)cc1,,,-1.877946951629188,-1.0791812460476249,
,CN(C)CCc1c[nH]c2ccc(Cn3cncn3)cc12,,,-2.7958800173440754,,
,CCCN(CCC)CCc1cccc2[nH]c(O)cc12,,,-1.5006023505691857,,
,CN(CCOc1ccc(Cc2sc(=O)[nH]c2O)cc1)c1ccccn1,,,-1.6020599913279625,-1.1583624920952498,
,CC(O)C(O)C1CNc2[nH]c(N)nc(=O)c2N1,,,-2.0910804693473324,,
,Cc1ncc([N+](=O)[O-])n1CC(C)O,,,-3.1760912590556813,-3.0,
,COC1CC2CCC(C)C(O)(O2)C(=O)C(=O)N2CCCCC2C(=O)OC(C(C)CC2CCC(O)C(OC)C2)CC(=O)C(C)=CC(C)C(O)C(OC)C(=O)C(C)CC(C)/C=C/C=C/C=C/1C,,,-1.1139433523068367,-1.2671717284030135,
,O=C(OC1CN2CCC1CC2)N1CCc2ccccc2C1c1ccccc1,,,-1.3010299956639813,,
,CCC1CCCC(OC2CCC(N(C)C)C(C)O2)C(C)C(=O)C2=CC3C(C=C(C)C4CC(OC5OC(C)C(OC)C(OC)C5OC)CC43)C2CC(=O)O1,,,-0.7781512503836436,,
,CC(=O)SC1C=C2CC(=O)CCC2(C)C2CCC3(C)C(CCC34CCC(=O)O4)C12,,,-0.3010299956639812,-0.4771212547196624,
,O=C(O)CCSCC1OC2OC3C(CSCCC(=O)O)OC(OC4C(CSCCC(=O)O)OC(OC5C(CSCCC(=O)O)OC(OC6C(CSCCC(=O)O)OC(OC7C(CSCCC(=O)O)OC(OC8C(CSCCC(=O)O)OC(OC9C(CSCCC(=O)O)OC(OC1C(O)C2O)C(O)C9O)C(O)C8O)C(O)C7O)C(O)C6O)C(O)C5O)C(O)C4O)C(O)C3O,,,-1.869231719730976,,
,CC1(Cn2ccnn2)C(C(=O)O)N2C(=O)CC2S1(=O)=O,,,-0.7781512503836436,,
,CCCC(NC(=O)C1C2CCCC2CN1C(=O)C(NC(=O)C(NC(=O)c1cnccn1)C1CCCCC1)C(C)(C)C)C(=O)C(=O)NC1CC1,,,-1.6989700043360187,-3.0,
,COc1cc2nc(N3CCN(C(=O)C4CCCO4)CC3)nc(N)c2cc1OC,,,-1.7781512503836436,-2.1903316981702914,
,CCC(C)C(NC(=O)C(CCC(=O)O)NC(=O)C(CO)NC(=O)C(NC(=O)C(N)CO)C(C)C)C(=O)NC(CCC(N)=O)C(=O)NC(CC(C)C)C(=O)NC(CCSC)C(=O)NC(Cc1c[nH]cn1)C(=O)NC(CC(N)=O)C(=O)NC(CC(C)C)C(=O)NCC(=O)NC(CCCCN)C(=O)NC(Cc1c[nH]cn1)C(=O)NC(CC(C)C)C(=O)NC(CC(N)=O)C(=O)NC(CO)C(=O)NC(CCSC)C(=O)NC(CCC(=O)O)C(=O)NC(CCCN=C(N)N)C(=O)NC(C(=O)NC(CCC(=O)O)C(=O)NC(Cc1c[nH]c2ccccc12)C(=O)NC(CC(C)C)C(=O)NC(CCCN=C(N)N)C(=O)NC(CCCCN)C(=O)NC(CCCCN)C(=O)NC(CC(C)C)C(=O)NC(CCC(N)=O)C(=O)NC(CC(=O)O)C(=O)NC(C(=O)NC(Cc1c[nH]cn1)C(=O)NC(CC(N)=O)C(=O)NC(Cc1ccccc1)C(=O)O)C(C)C)C(C)C,,,-7.0,,
,CC12CCC(=O)C=C1CCC1C2CCC2(C)C(O)CCC12,,,-1.4471580313422192,-0.8750612633917001,
,O=C1CCC(N2C(=O)c3ccccc3C2=O)C(=O)N1,,,-2.380211241711606,-2.6989700043360187,
,Cc1ccc(C(=O)c2cc(O)c(O)c([N+](=O)[O-])c2)cc1,,,-2.096910013008056,-1.1903316981702914,
,Cc1ccc(O)c(C(CCN(C(C)C)C(C)C)c2ccccc2)c1,,,-1.4913616938342726,-1.484299839346786,
,CC1(C)OC2COC3(COS(N)(=O)=O)OC(C)(C)OC3C2O1,,,-2.656417653650556,-1.7853298350107671,
,CCCCCC(O)CCC1C(O)CC2Cc3c(cccc3OCC(=O)O)CC21,,,-1.0,-1.0,
,CCCCCC(O)CCC1C(O)CC2Cc3c(cccc3OCC(=O)O)CC21,,,-1.0,-8.83378437465648,
,CCCCCC(O)CCC1C(O)CC2Cc3c(cccc3OCC(=O)O)CC21,,,-2.8115750058705933,-1.0,
,CCCCCC(O)CCC1C(O)CC2Cc3c(cccc3OCC(=O)O)CC21,,,-2.8115750058705933,-8.83378437465648,
,COC1CC(OC2C(C)C(=O)OC(C)C(C)C(OC(C)=O)C(C)C(=O)C3(CO3)CC(C)C(OC3OC(C)CC(N(C)C)C3OC(C)=O)C2C)OC(C)C1OC(C)=O,,,-0.4771212547196624,,
,Cc1cc(-c2ccc(N=Nc3c(S(=O)(=O)O)cc4cc(S(=O)(=O)O)cc(N)c4c3O)c(C)c2)ccc1N=Nc1c(S(=O)(=O)O)cc2cc(S(=O)(=O)O)cc(N)c2c1O,,,-0.7781512503836436,,
,Cc1cc(Nc2ncnc3ccc(N=C4NC(C)(C)CO4)cc23)ccc1Oc1ccn2ncnc2c1,,,-1.1139433523068367,-1.5185139398778875,
,CC(=O)OC1(C(C)=O)CCC2C3=C(C4=C(CC3)CC(=O)CC4)C(c3ccc(N(C)C)cc3)CC21C,,,-1.7781512503836436,-1.6020599913279625,
,CCCCCCCC(=O)CCC1C(O)CC(O)C1C/C=C\CCCC(=O)OC(C)C,,,-1.0413926851582251,-2.6532125137753435,
,Cc1onc(-c2ccccc2)c1-c1ccc(S(N)(=O)=O)cc1,,,-2.6241101320710367,,
,CCCc1nc(C)c2c(=O)[nH]c(-c3cc(S(=O)(=O)N4CCN(CC)CC4)ccc3OCC)nn12,,,-1.863322860120456,-2.45484486000851,
,Nc1ncnc2c1ncn2C1OC(CO)C(O)C1O,,,-2.8836614351536176,-2.5289167002776547,
,CCC1=CC2CN1CCc1c([nH]c3ccccc13)C(C(=O)OC)(c1cc3c(cc1OC)N(C)C1C(O)(C(=O)OC)C(OC(C)=O)C4(CC)C=CCN5CCC31C54)C2,,,-0.8750612633917001,-0.8239087409443188,
,C=C/C=C/CC(C)C(O)C1C(=O)NC(CC)C(=O)N(C)CC(=O)N(C)C(CC(C)C)C(=O)NC(C(C)C)C(=O)N(C)C(CC(C)C)C(=O)NC(C)C(=O)NC(C)C(=O)N(C)C(CC(C)C)C(=O)N(C)C(CC(C)C)C(=O)N(C)C(C(C)C)C(=O)N1C,,,-1.1760912590556811,-0.9420080530223132,
,CC(C)n1nccc1-c1ncccc1COc1cccc(O)c1C=O,,,-2.439332693830263,-2.27382771281152,
,C=CC(=O)N1CCC(C2CCNc3c(C(N)=O)c(-c4ccc(Oc5ccccc5)cc4)nn32)CC1,,,-1.6989700043360187,,
,CC(c1cc2ccccc2s1)N(O)C(N)=O,,,-2.3061918492997684,-1.977723605288848,
,NS(=O)(=O)Cc1noc2ccccc12,,,-2.134520365244195,-1.7781512503836436,
,CC(=O)NCCCS(=O)(=O)O,,,,-3.1760912590556813,
,CC1OC(OC2C(CO)OC(OC3C(CO)OC(O)C(O)C3O)C(O)C2O)C(O)C(O)C1NC1C=C(CO)C(O)C(O)C1O,,,,-2.164352855784437,
,Nc1nc(=O)c2ncn(COCCO)c2[nH]1,,,,-2.204119982655925,
,COCCCOc1cc(CC(CC(N)C(O)CC(C(=O)NCC(C)(C)C(N)=O)C(C)C)C(C)C)ccc1OC,,,,-2.6989700043360187,
,CC(C=C/C=C(C)\C=C\C1=C(C)CCCC1(C)C)=CC(=O)O,,,,-0.0,
,O=c1[nH]cnc2[nH]ncc12,,,,-0.4771212547196624,
,NCCC(O)C(=O)NC1CC(N)C(OC2OC(CN)C(O)C(O)C2O)C(O)C1OC1OC(CO)C(O)C(N)C1O,,,,-1.146128035678238,
,CCN1CCCC1CNC(=O)c1cc(S(=O)(=O)CC)c(N)cc1OC,,,,-1.0,
,O=S(=O)(O)O,,,,-0.8450980400142568,
,CC1(C)SC2C(NC(=O)C(N)c3ccccc3)C(=O)N2C1C(=O)O,,,,-0.4771212547196624,
,CCOCC,,,,-1.954242509439325,
,COC1OC2OC3(C)CCC4C(C)CCC(C1C)C24OO3,,,,-1.3222192947339193,
,OCC(O)c1oc(O)c(O)c1O,,,,-1.5314789170422551,
,COc1ccc(C(=O)CC(=O)c2ccc(C(C)(C)C)cc2)cc1,,,,-3.0,-3.0
,CNC(=O)c1ccccc1Sc1ccc2c(C=Cc3ccccn3)[nH]nc2c1,,,,-1.9420080530223127,
,Cn1cnc([N+](=O)[O-])c1Sc1ncnc2[nH]cnc12,,,,-0.7781512503836436,
,CCOc1nc2cccc(C(=O)OCc3oc(=O)oc3C)c2n1Cc1ccc(-c2ccccc2C2=NC(O)ON2)cc1,,,,-1.3979400086720375,
,CCC1OC(=O)C(C)C(OC2CC(C)(OC)C(O)C(C)O2)C(C)C(OC2OC(C)CC(N(C)C)C2O)C(C)(O)CC(C)CN(C)C(C)C(O)C1(C)O,,,,-1.8893017025063104,
,O=S(=O)(Nc1ccccc1)c1cccc(/C=C/C(O)=NO)c1,,,,-2.0,
,O=C(OOC(=O)c1ccccc1)c1ccccc1,,,,-1.6232492903979006,
,CC1(C)SC2C(NC(=O)Cc3ccccc3)C(=O)N2C1C(=O)O,,,,-0.7781512503836436,
,C[N+](C)(C)CC(=O)[O-],,,,-1.146128035678238,
,CC(C)(C)NC(=O)NC(C(=O)N1CC2C(C1C(=O)NC(CC1CCC1)C(=O)C(N)=O)C2(C)C)C(C)(C)C,,,,-2.592916611888093,
,CC(=O)C1CCC2C3CCC4CC(O)CCC4(C)C3CCC12C,,,,-1.1760912590556811,
,O=c1ccc2ccc(OCCCCN3CCN(c4cccc5sccc45)CC3)cc2[nH]1,,,,-2.099384632135912,
,COC12CCC3(CC1C(C)(O)C(C)(C)C)C1Cc4ccc(O)c5c4C3(CCN1CC1CC1)C2O5,,,,-0.8239087409443188,
,O=C1CC2(CCCC2)CC(=O)N1CCCCN1CCN(c2ncccn2)CC1,,,,-2.255272505103306,
,O=C(O)O,,,,-1.6020599913279625,
,CC1C=C2CC(=O)CCC2(C)C2CCC3(C)C(CCC3(C)O)C12,,,,-1.0,
,CC(CS)C(=O)N1CCCC1C(=O)O,,,,-2.096910013008056,
,CC1(C(=O)O)CCC2(C)CCC3(C)C(=C2C1)CC(=O)C1C2(C)CCC(OC(=O)CCC(=O)O)C(C)(C)C2CCC13C,,,,-0.4771212547196624,
,CCCCNC(=O)NS(=O)(=O)c1ccc(N)cc1,,,,-3.4771212547196626,
,COC1(NC(=O)CSCC#N)C(=O)N2C(C(=O)O)=C(CSc3nnnn3C)CSC21,,,,-3.1356626020000733,
,CON=C(C(=O)NC1C(=O)N2C(C(=O)O)=C(COC(C)=O)CSC12)c1csc(N)n1,,,,-3.0,
,COC=C1CSC2C(=NC(=O)C(NOC)c3csc(N)n3)C(=O)N2C1C(=O)OC(C)OC(=O)OC(C)C,,,,-2.4771212547196626,
,CC=CC1=C(C(=O)O)N2C(=O)C(NC(=O)C(N)c3ccc(O)cc3)C2SC1,,,,-3.315270434778592,
,CON=C(C(=O)NC1C(=O)N2C(C(=O)O)=C(CSc3nc(=O)c(=O)[nH]n3C)CSC12)c1csc(N)n1,,,,-2.096910013008056,
,CON=C(C(=O)NC1C(=O)N2C(C(=O)OC(C)OC(C)=O)=C(COC(N)=O)CSC12)c1ccco1,,,,-3.0,
,CCC(C)CCCCC(=O)NC(CCNCS(=O)(=O)O)C(=O)NC(C(=O)NC(CCNCS(=O)(=O)O)C(=O)NC1CCNC(=O)C(C(C)O)NC(=O)C(CCNCS(=O)(=O)O)NC(=O)C(CCNCS(=O)(=O)O)NC(=O)C(CC(C)C)NC(=O)C(CC(C)C)NC(=O)C(CCNCS(=O)(=O)O)NC1=O)C(C)O,,,,0.0,
,CSCCC(NC(=O)C(CO)NC(=O)C(Cc1ccc(O)cc1)NC(=O)C(N)CO)C(=O)NC(CCC(=O)O)C(=O)NC(Cc1c[nH]cn1)C(=O)NC(Cc1ccccc1)C(=O)NC(CCCN=C(N)N)C(=O)NC(Cc1c[nH]c2ccccc12)C(=O)NCC(=O)NC(CCCCN)C(=O)N1CCCC1C(=O)NC(C(=O)NCC(=O)NC(CCCCN)C(=O)NC(CCCCN)C(=O)NC(CCCN=C(N)N)C(=O)NC(CCCNC(=N)N)C(=O)N1CCCC1C(=O)NC(C(=O)NC(CCCCN)C(=O)NC(C(=O)NC(Cc1ccc(O)cc1)C(=O)N1CCCC1C(=O)O)C(C)C)C(C)C)C(C)C,,,,-7.079181246047625,
,NC(CS)C(=O)O,,,,0.0,
,Cc1ccccc1N1CCN(CCc2nnc3n2CCCC3)CC1,,,,-2.4771212547196626,
,COc1cccc2c(O)c3c(O)c4c(c(O)c3c(O)c12)C(OC1CC(N)C(O)C(C)O1)=CC(O)(C(C)=O)C4,,,,-0.3010299956639812,
,Cc1c(O)c(=O)ccn1C,,,,-1.8750612633917,
,CC(CCC(=O)O)C1CCC2C3CCC4CC(O)CCC4(C)C3CC(O)C12C,,,,-0.3010299956639812,
,[2H]C([2H])([2H])Oc1cc2c(cc1OC([2H])([2H])[2H])C1CC(=O)C(CC(C)C)CN1CC2,,,,-0.6989700043360189,
,O=c1[nH]cnc2c1ncn2C1CCC(CO)O1,,,,-0.6020599913279624,
,O=C(O)CN(CCN(CC(=O)O)CC(=O)O)CCN(CC(=O)O)CC(=O)O,,,,-1.1760912590556811,
,C[S+](C)[O-],,,,-6.477121254719663,
,CN(C)CCOC(c1ccccc1)c1ccccc1,,,,-2.0863598306747484,
,COc1cc2nc(N3CCN(C(=O)C4COc5ccccc5O4)CC3)nc(N)c2cc1OC,,,,-1.9420080530223127,
,CN(C)CC/C=C1/c2ccccc2COc2ccccc21,,,,-2.2612628687924934,
,CC1c2cccc(O)c2C(=O)C2C(=O)C3(O)C(=O)C(C(N)=O)C(=O)C(N(C)C)C3C(O)C21,,,,-1.146128035678238,
,CCCCCc1cc(O)c2c(c1)OC(C)(C)C1CCC(C)=CC21,,,,-2.439332693830263,
,Cc1cc(=O)n(-c2ccccc2)[nH]1,,,,-2.646730386247423,
,CCCCCCCC(=O)NC(CN1CCCC1)C(O)c1ccc2c(c1)OCCO2,,,,-1.8588378514285853,
,CC1(C(=O)O)CCC2(C)CCC3(C)C(=C2C1)CC(=O)C1C2(C)CCC(O)C(C)(C)C2CCC13C,,,,-1.1139433523068367,
,CCN(CC)C(=O)C(C#N)=Cc1cc(O)c(O)c([N+](=O)[O-])c1,,,,-1.1903316981702914,
,C=C1CC2CCC34CC5OC6C(OC7CCC(CC(=O)CC8C(CC9OC(CCC1O2)CC(C)C9=C)OC(CC(O)CN)C8OC)OC7C6O3)C5O4,,,,-1.1760912590556811,
,CCC1OC(=O)C(C)C(OC2CC(C)(OC)C(O)C(C)O2)C(C)C(OC2OC(C)CC(N(C)C)C2O)C(C)(O)CC(C)C(=O)C(C)C(O)C1(C)O,,,,-1.724275869600789,
,CCC(=O)OC1C(OC2C(C)C(OC3CC(C)(OC)C(O)C(C)O3)C(C)C(=O)OC(CC)C(C)(O)C(O)C(C)C(=O)C(C)CC2(C)O)OC(C)CC1N(C)C,,,,-0.9030899869919436,
,CCCCC(=O)OC1CCC2C3CCc4cc(O)ccc4C3CCC12C,,,,-6.397940877260133,
,CCC(CO)NCCNC(CC)CO,,,,-1.7201593034059568,
,CCCCCCCC/C=C\CCCCCCCC(=O)O,,,,-1.4771212547196624,
,CCc1cc(C(N)=S)ccn1,,,,-0.6020599913279624,
,CCOC(=O)c1cncn1C(C)c1ccccc1,,,,-1.4913616938342726,
,CC(C(=O)O)c1cccc(Oc2ccccc2)c1,,,,-2.544068044350276,
,CCCCCCCCc1ccc(CCC(N)(CO)CO)cc1,,,,-0.8846065812979305,
,Cc1cn[nH]c1,,,,-1.6532125137753435,
,C=O,,,,-1.7423322823571483,
,CNC1CCc2[nH]c3ccc(C(N)=O)cc3c2C1,,,,-3.0,-2.903089986991944
,O=C1OCCN1/N=C/c1ccc([N+](=O)[O-])o1,,,,-0.4771212547196624,
,CC(OC(=O)NCC1(CC(=O)O)CCCCC1)OC(=O)C(C)C,,,,-3.397940008672037,
,CNC(C)C1CCC(N)C(OC2C(N)CC(N)C(OC3OCC(C)(O)C(NC)C3O)C2O)O1,,,,-0.8750612633917001,
,CCc1nc(C(N)=O)c(Nc2ccc(N3CCC(N4CCN(C)CC4)CC3)c(OC)c2)nc1NC1CCOCC1,,,,-1.0,
,CN1CCC(NC(=O)Nc2ccc(C#N)cc2)CC1c1nc2ccccc2[nH]1,,,,-1.6989700043360187,
,Cc1cnc(C(=O)NCCc2ccc(S(=O)(=O)NC(=O)NC3CCCCC3)cc2)cn1,,,,-1.4771212547196624,
,NCC(=O)O,,,,-3.6020599913279625,
,CCNC(=O)C1CCCN1C(=O)C(CCCNC(=N)N)NC(=O)C(CC(C)C)NC(=O)C(Cc1cn(Cc2ccccc2)cn1)NC(=O)C(Cc1ccc(O)cc1)NC(=O)C(CO)NC(=O)C(Cc1c[nH]c2ccccc12)NC(=O)C(Cc1c[nH]cn1)NC(O)c1ccc(O)[nH]1,,,,-7.797036594544017,-7.966141732739032
,CCN(CC)CCNc1ccc(CO)c2sc3ccccc3c(=O)c12,,,,-0.6989700043360189,
,NNc1nncc2ccccc12,,,,-0.8450980400142568,
,COc1ccc2c3c1OC1C(=O)CCC4C(C2)N(C)CCC314,,,,-1.4648867983026508,
,CC12CCC(=O)C=C1CCC1C2C(O)CC2(C)C1CCC2(O)C(=O)COC(=O)CCC(=O)O,,,,-0.8450980400142568,
,CN1CCC23c4c5ccc(O)c4OC2C(=O)CCC3C1C5,,,,-0.6989700043360189,-0.6989700043360189
,CN(C)CCCN1c2ccccc2CCc2ccccc21,,,,-0.8450980400142568,
,Nc1cc(-c2ccncc2)c[nH]c1=O,,,,-1.6532125137753435,
,CCc1cc2c(cc1CC)CC(NCC(O)c1ccc(O)c3[nH]c(=O)ccc13)C2,,,,-2.008600171761917,
,CC(C)NCCCC1(C(N)=O)c2ccccc2-c2ccccc21,,,,-0.4771212547196624,
,CCC(C)C(NC(=O)CN)C(=O)NC(C(=O)NC(CCC(=O)O)C(=O)NC(CCC(N)=O)C(=O)NC1CSSCC2NC(=O)C(C(C)CC)NC(=O)C(CO)NC(=O)C(C(C)O)NC(=O)C(CSSCC(NC(=O)C(CC(C)C)NC(=O)C(Cc3c[nH]cn3)NC(=O)C(CCC(N)=O)NC(=O)C(CC(N)=O)NC(=O)C(NC(=O)C(N)Cc3ccccc3)C(C)C)C(=O)NCC(=O)NC(CO)C(=O)NC(Cc3c[nH]cn3)C(=O)NC(CC(C)C)C(=O)NC(C(C)C)C(=O)NC(CCC(=O)O)C(=O)NC(C)C(=O)NC(CC(C)C)C(=O)NC(Cc3ccc(O)cc3)C(=O)NC(CC(C)C)C(=O)NC(C(C)C)C(=O)NC(C(=O)NCC(=O)NC(CCC(=O)O)C(=O)NC(CCCN=C(N)N)C(=O)NCC(=O)NC(Cc3ccccc3)C(=O)NC(Cc3ccccc3)C(=O)NC(Cc3ccc(O)cc3)C(=O)NC(C(=O)NC(CC(=O)O)C(=O)NC(CCCCN)C(=O)NC(C(=O)O)C(C)O)C(C)O)CSSCC(C(=O)NC(CC(N)=O)C(=O)O)NC(=O)C(Cc3ccc(O)cc3)NC(=O)C(CC(N)=O)NC(=O)C(CCC(=O)O)NC(=O)C(CC(C)C)NC(=O)C(CCC(N)=O)NC(=O)C(Cc3ccc(O)cc3)NC(=O)C(CC(C)C)NC(=O)C(CO)NC2=O)NC1=O)C(C)C,,,,-8.096910013008056,
,CCC(C)C(NC(=O)CN)C(=O)NC(C(=O)NC(CCC(=O)O)C(=O)NC(CCC(N)=O)C(=O)NC1CSSCC2NC(=O)C(C(C)CC)NC(=O)C(CO)NC(=O)C(C(C)O)NC(=O)C(CSSCC(NC(=O)C(CC(C)C)NC(=O)C(Cc3c[nH]cn3)NC(=O)C(CCC(N)=O)NC(=O)C(CCCCN)NC(=O)C(NC(=O)C(N)Cc3ccccc3)C(C)C)C(=O)NCC(=O)NC(CO)C(=O)NC(Cc3c[nH]cn3)C(=O)NC(CC(C)C)C(=O)NC(C(C)C)C(=O)NC(CCC(=O)O)C(=O)NC(C)C(=O)NC(CC(C)C)C(=O)NC(Cc3ccc(O)cc3)C(=O)NC(CC(C)C)C(=O)NC(C(C)C)C(=O)NC(C(=O)NCC(=O)NC(CCC(=O)O)C(=O)NC(CCCN=C(N)N)C(=O)NCC(=O)NC(Cc3ccccc3)C(=O)NC(Cc3ccccc3)C(=O)NC(Cc3ccc(O)cc3)C(=O)NC(C(=O)N3CCCC3C(=O)NC(CCC(=O)O)C(=O)NC(C(=O)O)C(C)O)C(C)O)CSSCC(C(=O)NC(CC(N)=O)C(=O)O)NC(=O)C(Cc3ccc(O)cc3)NC(=O)C(CC(N)=O)NC(=O)C(CCC(=O)O)NC(=O)C(CC(C)C)NC(=O)C(CCC(N)=O)NC(=O)C(Cc3ccc(O)cc3)NC(=O)C(CC(C)C)NC(=O)C(CO)NC2=O)NC1=O)C(C)C,,,,-7.375663613960885,
,IC(I)I,,,,-1.5440680443502757,
,CC(C)NC(C)Cc1ccc([123I])cc1,,,,-0.7781512503836436,
,CC(C)NCC(O)c1ccc(O)c(O)c1,,,,-0.6020599913279624,
,Nc1cccc2c1CN(C1CCC(=O)NC1=O)C2=O,,,,-2.4771212547196626,
,C[N+](C)(C)CC(O)CC(=O)[O-],,,,-3.434196187604368,
,C#CC1(O)CCC2C3CC=C4CC(=O)CCC4C3CCC21CC,,,,-1.3979400086720375,
,CC#CCn1c(N2CCCC(N)C2)nc2c1c(=O)n(Cc1nc(C)c3ccccc3n1)c(=O)n2C,,,,-2.544068044350276,
,CCCCCCCCCCCCCCCC(=O)NC(CCC(=O)NCCCCC(NC(=O)C(C)NC(=O)C(C)NC(=O)C(CCC(N)=O)NC(=O)CNC(=O)C(CCC(=O)O)NC(=O)C(CC(C)C)NC(=O)C(Cc1ccc(O)cc1)NC(=O)C(CO)NC(=O)C(CO)NC(=O)C(NC(=O)C(CC(=O)O)NC(=O)C(CO)NC(=O)C(NC(=O)C(Cc1ccccc1)NC(=O)C(NC(=O)CNC(=O)C(CCC(=O)O)NC(=O)C(C)NC(=O)C(N)Cc1c[nH]cn1)C(C)O)C(C)O)C(C)C)C(=O)NC(CCC(=O)O)C(=O)NC(Cc1ccccc1)C(=O)NC(C(=O)NC(C)C(=O)NC(Cc1c[nH]c2ccccc12)C(=O)NC(CC(C)C)C(=O)NC(C(=O)NC(CCCN=C(N)N)C(=O)NCC(=O)NC(CCCNC(=N)N)C(=O)NCC(=O)O)C(C)C)C(C)CC)C(=O)O,,,,-0.3357921019231932,
,NCCCCC(NC(CCc1ccccc1)C(=O)O)C(=O)N1CCCC1C(=O)O,,,,-0.7781512503836436,
,CCC(C)C(=O)OC1CC(C)C=C2C=CC(C)C(CCC3CC(O)CC(=O)O3)C21,,,,-2.3324384599156054,
,Oc1c2c(c(O)n1CC1CCCCC1CN1CCN(c3nsc4ccccc34)CC1)C1CCC2C1,,,,-2.4771212547196626,
,OCC(O)C(O)C(O)C(O)CO,,,,-0.0,
,Cc1cccc(Nc2ccccc2C(=O)O)c1C,,,,-1.4771212547196624,
,CN(C)C(N)=NC(=N)N,,,,-1.0569048513364727,
,CNC(C)Cc1ccccc1,,,,-1.3679767852945943,
,CSCCC(N)C(=O)O,,,,-1.392110465011314,
,CN1CCC23c4c5ccc(O)c4OC2C(O)C=CC3C1C5,,,,-1.4771212547196624,
,COc1c(C/C=C(\C)CCC(=O)O)c(O)c2c(O)occ2c1C,,,,-1.2787536009528289,
,COc1ccc2cc(CCC(C)=O)ccc2c1,,,,-2.420615770625765,
,C=C1CCC2(O)C3Cc4ccc(O)c5c4C2(CCN3CC2CC2)C1O5,,,,-1.0413926851582251,
,C=CCN1CCC23c4c5ccc(O)c4OC2C(=O)CCC3(O)C1C5,,,,-6.778151250383644,
,O=C1CCC2(O)C3Cc4ccc(O)c5c4C2(CCN3CC2CC2)C1O5,,,,-2.633468455579586,
,CCCCCCCCCC(=O)OC1CCC2C3CC=C4CC(=O)CCC4C3CCC12C,,,,-1.548184610545108,
,CC12CCC3C4=C(CCC3C1CCC2OC(=O)CCc1ccccc1)CC(=O)CC4,,,,-1.0791812460476249,
,CC1C/C=C/C=C/C=C/C=C/C(OC2OC(C)C(O)C(N)C2O)CC2OC(O)(CC(O)CC3OC3=CCC(=O)O1)CC(O)C2C(=O)O,,,,-0.7781512503836436,
,CC(C)C1CCC(C(=O)NC(Cc2ccccc2)C(=O)O)CC1,,,,-2.423245873936808,
,CCCc1c2oc(C(=O)O)cc(=O)c2cc2c(=O)cc(C(=O)O)n(CC)c12,,,,-1.5563025007672873,
,Cc1c(O)cccc1C(=O)NC(CSc1ccccc1)C(O)CN1CC2CCCCC2CC1C(=O)NC(C)(C)C,,,,-3.0256130404386536,
,NC(=O)Cc1cccc(C(=O)c2ccccc2)c1N,,,,-1.1760912590556811,
,Cc1ccc(C(=O)OCc2ccc(C(CN)C(=O)Nc3ccc4cnccc4c3)cc2)c(C)c1,,,,-0.3010299956639812,
,O=C(O)c1cccnc1,,,,-1.1760912590556811,
,COC(=O)C1=C(C)N=C(C)C(C(=O)OC)C1c1ccccc1[N+](=O)[O-],,,,-1.1760912590556811,
,COCCOC(=O)C1=C(C)N=C(C)C(C(=O)OC(C)C)C1c1cccc([N+](=O)[O-])c1,,,,-0.7781512503836436,
,COC(=O)c1ccc2c(C(=Nc3ccc(N(C)C(=O)CN4CCN(C)CC4)cc3)c3ccccc3)c(O)[nH]c2c1,,,,-1.5593080109070123,
,COC(=O)C1=C(C)N=C(C)C(C(=O)OCC(C)C)C1c1ccccc1[N+](=O)[O-],,,,-0.6020599913279624,
,CC(=O)Oc1ccccc1C(=O)Nc1ncc([N+](=O)[O-])s1,,,,-3.380211241711606,
,[N]=O,,,,-0.8450980400142568,
,CC1/C=C/C=C/CC/C=C/C=C/C=C/C=C/C(OC2OC(C)C(O)C(N)C2O)CC2OC(O)(CC(O)C(O)CCC(O)CC(O)CC(O)CC(=O)OC(C)C(C)C1O)CC(O)C2C(=O)O,,,,-0.9420080530223132,
,CC(O)C(CO)NC(=O)C1CSSCC(NC(=O)C(N)Cc2ccccc2)C(=O)NC(Cc2ccccc2)C(=O)NC(Cc2c[nH]c3ccccc23)C(=O)NC(CCCCN)C(=O)NC(C(C)O)C(=O)N1,,,,-0.6368220975871743,
,CCCCC(CC)COC(=O)/C=C/c1ccc(OC)cc1,,,,-0.6989700043360189,
,Cc1cc2c(s1)Nc1ccccc1N=C2N1CCN(C)CC1,,,,-0.8325089127062363,
,COc1ccsc1CNCCC1(c2ccccn2)CCOC2(CCCC2)C1,,,,-1.0791812460476249,
,CCCc1nc(C(C)(C)O)c(C(=O)Oc2oc(=O)oc2C)n1Cc1ccc(-c2ccccc2-c2nn[nH]n2)cc1,,,,-3.3010299956639813,
,COc1ccc(CC(C)(C)NCC(O)c2cc(O)cc3c2OCC(=O)N3)cc1,,,,-8.459392487759231,
,Cc1ccccc1C(OCCN(C)C)c1ccccc1,,,,-0.4771212547196624,
,CCN(CC)CC#CCOC(=O)C(O)(c1ccccc1)C1CCCCC1,,,,-2.3010299956639813,
,Cc1cc(C(C)(C)C)c(O)c(C)c1CC1=NCCN1,,,,-1.0791812460476249,
,CN(C)C1C(=O)C(C(N)=O)C(=O)C2(O)C(=O)C3C(=O)c4c(O)cccc4C(C)(O)C3C(O)C12,,,,-1.1760912590556811,
,CC(=O)c1c(C)c2cnc(Nc3ccc(N4CCNCC4)cn3)nc2n(C2CCCC2)c1=O,,,,-2.0,
,NCCC(O)([PH](=O)(=O)O)[PH](=O)(=O)O,,,,-0.7781512503836436,
,NCCCCC1NC(=O)C(Cc2c[nH]c3ccccc23)NC(=O)C(c2ccccc2)NC(=O)C2CC(OC(=O)NCCN)CN2C(=O)C(Cc2ccccc2)NC(=O)C(Cc2ccc(OCc3ccccc3)cc2)NC1=O,,,,-0.6320232147054056,
,Cc1ccc(Nc2nccc(N(C)c3ccc4c(C)n(C)nc4c3)n2)cc1S(N)(=O)=O,,,,-2.5642714304385628,
,Cc1cccn2c(=O)c(-c3nn[nH]n3)cnc12,,,,-2.2081725266671217,
,CC(C)(S)C(N)C(=O)O,,,,-3.035189508908448,
,C1CCc2nnnn2CC1,,,,-1.1760912590556811,
,CCCC(C)C1(CC)C(=O)NC(=O)NC1=O,,,,-0.6020599913279624,
,CC(=O)CCCCn1c(=O)c2c(ncn2C)n(C)c1=O,,,,-0.6368220975871743,
,CCC1C(=O)OCC1Cc1cncn1C,,,,-1.4771212547196624,
,C#CCC(Cc1cnc2nc(N)nc(N)c2n1)c1ccc(C(=O)NC(CCC(=O)O)C(=O)O)cc1,,,,-0.3010299956639812,
,CCC(C)C(NC(=O)C1CCCN1C(=O)CNC(=O)C(Cc1ccccc1)NC(=O)C(CC(N)=O)NC(=O)C(CC(N)=O)NC(=O)C(CO)NC(=O)C(CO)NC(=O)C(Cc1c[nH]cn1)NC(=O)C(NC(=O)C(CC(C)C)NC(=O)C(Cc1ccccc1)NC(=O)C(CC(N)=O)NC(=O)C(C)NC(=O)C(CC(C)C)NC(=O)C(CCCN=C(N)N)NC(=O)C(CCC(N)=O)NC(=O)C(NC(=O)C(C)NC(=O)C1CSSCC(NC(=O)C(N)CCCCN)C(=O)NC(CC(N)=O)C(=O)NC(C(C)O)C(=O)NC(C)C(=O)NC(C(C)O)C(=O)N1)C(C)O)C(C)C)C(=O)NC(CC(C)C)C(=O)N1CCCC1C(=O)N1CCCC1C(=O)NC(C(=O)NC(CC(N)=O)C(=O)NC(C(=O)NCC(=O)NC(CO)C(=O)NC(CC(N)=O)C(=O)NC(C(=O)NC(Cc1ccc(O)cc1)C(N)=O)C(C)O)C(C)C)C(C)O,,,,-0.6989700043360189,
,CC(C)CC(CN)CC(=O)O,,,,-3.22219604630172,
,CNNCc1ccc(C(=O)NC(C)C)cc1,,,,-1.4471580313422192,
,CC(=O)C1CCC2C3CC=C4CC(=O)CCC4(C)C3CCC12C,,,,-1.1760912590556811,
,CN(C)CCCN1c2ccccc2Sc2ccccc21,,,,-0.6020599913279624,
,CC(C)c1cccc(C(C)C)c1O,,,,-1.3010299956639813,
,CCCO,,,,-1.954242509439325,
,CCCc1cc(=O)[nH]c(=S)[nH]1,,,,-0.9164539485499252,
,Cc1cc2nc3c(=O)[nH]c(=O)nc-3n(CC(O)C(O)C(O)CO)c2cc1C,,,,-0.4771212547196624,
,CCN(C)C(=O)Oc1cccc(C(C)N(C)C)c1,,,,-1.4471580313422192,
,CCC1=NC(=O)C2CSSCC/C=C/C(CC(=O)NC(C(C)C)C(=O)N2)OC(=O)C(C(C)C)NC1=O,,,,-1.2844307338445196,
,CN(C)CC1CCn2cc(c3ccccc32)C2=C(C(=O)NC2=O)c2cn(c3ccccc23)CCO1,,,,-1.6812412373755872,
,CC1OC(OCC2OC(Oc3c(-c4ccc(O)c(O)c4)oc4cc(O)cc(O)c4c3=O)C(O)C(O)C2O)C(O)C(O)C1O,,,,-0.6989700043360189,
,N#CCC(C1CCCC1)n1cc(-c2ncnc3[nH]ccc23)cn1,,,,-1.1760912590556811,
,CON(C)Cc1ccc(O)c2c1CC1CC3C(N(C)C)C(=O)C(C(N)=O)C(=O)C3(O)C(=O)C1C2=O,,,,-1.6989700043360187,
,C#CCN(C)C(C)Cc1ccccc1,,,,-1.3010299956639813,
,CCOC(=O)C(CCc1ccccc1)NC(C)C(=O)N1CC2(CC1C(=O)O)SCCS2,,,,-2.7781512503836434,
,CC12Cc3c[nH]nc3CC1CCC1C2CCC2(C)C1CCC2(C)O,,,,-1.4471580313422192,
,O=C(O)C(S)C(S)C(=O)O,,,,-1.1760912590556811,
,COc1cc(NS(=O)(=O)c2ccc(N)cc2)nc(OC)n1,,,,-4.380211241711606,
,O=C(O)c1cc(N=Nc2ccc(S(=O)(=O)Nc3ccccn3)cc2)ccc1O,,,,-2.829303772831025,
,Cc1noc(NS(=O)(=O)c2ccc(N)cc2)c1C,,,,-1.414973347970818,
,CC(=O)N(c1onc(C)c1C)S(=O)(=O)c1ccc(N)cc1,,,,-1.414973347970818,
,C=CCC1=CC(C)CC(C)CC(OC)C2OC(O)(C(=O)C(=O)N3CCCCC3C(=O)OC(/C(C)=C/C3CCC(O)C(OC)C3)C(C)C(O)CC1=O)C(C)CC2OC,,,,-1.166331421766525,
,CC/C(=C(\c1ccccc1)c1ccc(OCCN(C)C)cc1)c1ccccc1,,,,-1.5314789170422551,
,CC(C)(C)NCC(O)c1cc(O)cc(O)c1,,,,-0.6020599913279624,
,CCS(=O)(=O)CCn1c([N+](=O)[O-])cnc1C,,,,-2.865301426102544,
,CC(S)C(=O)NCC(=O)O,,,,-2.6989700043360187,
,NCC1OC(OC2C(N)CC(N)C(OC3OC(CO)C(O)C(N)C3O)C2O)C(N)CC1O,,,,-1.6720978579357175,
,COc1cccc(C2(O)CCCCC2CN(C)C)c1,,,,-0.0,
,CC(C)(C)c1cc(-c2cc(-c3ccc(C(=O)O)cc3)ccc2OCCO)ccc1N1CCCC1,,,,-0.5440680443502757,
,COc1ccc(C(CN(C)C)C2(O)CCCCC2)cc1,,,,-2.342422680822206,
,COc1ccc(CCN(C)CCCC(C#N)(c2ccc(OC)c(OC)c2)C(C)C)cc1OC,,,,-1.414973347970818,
,O=C(Nc1ccc(CC2CCC(C(O)c3ccccc3)N2)cc1)C1CCc2nccc(=O)n21,,,,-2.4771212547196626,
,C=CC(N)CCC(=O)O,,,,-0.6020599913279624,
,N#Cc1ccc2[nH]cc(CCCCN3CCN(c4ccc5cc(C(N)=O)oc5c4)CC3)c2c1,,,,-1.9420080530223127,
,CC1=C(/C=C/C(C)=C/C=C/C(C)=C/CO)C(C)(C)CCC1,,,,-0.7481880270062004,
,Cc1c(C)c2c(c(C)c1O)CCC(C)(CCCC(C)CCCC(C)CCCC(C)C)O2,,,,-0.3010299956639812,
,O=C(CCCCCCC(O)=NO)Nc1ccccc1,,,,-2.1760912590556813,
,Nc1ccn(C2CCC(CO)O2)c(=O)n1,,,,-2.5118833609788744,
,Cc1cn(C2CC(N=[N+]=[N-])C(CO)O2)c(=O)[nH]c1=O,,,,-0.8061799739838872,
,CC(C)c1ccc2oc3nc(N)c(C(=O)O)cc3c(=O)c2c1,,,,,-2.6532125137753435
,CN(C)CC(c1ccc(O)cc1)C1(O)CCCCC1,,,,,-1.6989700043360187
,CN(CCOc1ccc(NS(C)(=O)=O)cc1)CCc1ccc(NS(C)(=O)=O)cc1,,,,,-1.4771212547196624
,CC(O)C1C(=O)N2C(C(=O)O)=C(SC3CNC(CNS(N)(=O)=O)C3)C(C)C12,,,,,-1.0
,CCC(C)C(NC(=O)C(CC(C)C)NC(=O)C(CO)NC(=O)C(Cc1c[nH]cn1)NC(=O)C(NC(=O)C(CC(C)C)NC(=O)C(CO)NC(=O)C(NC(=O)C(Cc1ccc(O)cc1)NC(C)=O)C(C)O)C(C)CC)C(=O)NC(CCC(=O)O)C(=O)NC(CCC(=O)O)C(=O)NC(CO)C(=O)NC(CCC(N)=O)C(=O)NC(CC(N)=O)C(=O)NC(CCC(N)=O)C(=O)NC(CCC(N)=O)C(=O)NC(CCC(=O)O)C(=O)NC(CCCCN)C(=O)NC(CC(N)=O)C(=O)NC(CCC(=O)O)C(=O)NC(CCC(N)=O)C(=O)NC(CCC(=O)O)C(=O)NC(CC(C)C)C(=O)NC(CC(C)C)C(=O)NC(CCC(=O)O)C(=O)NC(CC(C)C)C(=O)NC(CC(=O)O)C(=O)NC(CCCCN)C(=O)NC(Cc1c[nH]c2ccccc12)C(=O)NC(C)C(=O)NC(CO)C(=O)NC(CC(C)C)C(=O)NC(Cc1c[nH]c2ccccc12)C(=O)NC(CC(N)=O)C(=O)NC(Cc1c[nH]c2ccccc12)C(=O)NC(Cc1ccccc1)C(N)=O,,,,,-1.8893017025063104
,C=C1CC2C(CCC3(C)C(=O)CCC23)C2(C)C=CC(=O)C=C12,,,,,-2.544068044350276
,CCCCCOc1ccc(-c2cc(-c3ccc(C(=O)NC4CC(O)C(O)NC(=O)C5C(O)C(C)CN5C(=O)C(C(O)CC(N)=O)NC(=O)C(C(O)C(O)c5ccc(O)c(OS(=O)(=O)O)c5)NC(=O)C5CC(O)CN5C(=O)C(C(C)O)NC4=O)cc3)no2)cc1,,,,,-1.0413926851582251
